Title,Price,District,State,Bedrooms,Location,Tenure,Furnished Type,Size,Facilities,Bathrooms,Car Slots,House Type,Price per sqft,Images
"Valencia, Sungai Buloh",1700000,Sungai Buloh, Selangor,5,"Sg buloh, Valencia, 47000, Selangor",Freehold,Unfurnished,3200,"['Air Conditioner', 'Bath Tub', 'Bbq', 'Parking', 'Jogging Track', 'Playground', 'Tennis Courts', 'Business Centre', 'Gym', 'Retail Stores', 'Salon', 'Swimming Pool', '24-Hour Security', 'Clubhouse', 'Jacuzzi', 'Nursery', 'Sauna', 'Wading Pool', 'Cafe', 'Basketball Court']",5,3.0,2.5-sty Terrace/Link House,531.25,"{'https://img.iproperty.com.my/my-iproperty/premium/256x100000-fit/w-w9s98787e813-adb3-40b7-bab4-befc83e8b531_866x1154.jpeg', 'https://img.iproperty.com.my/my-iproperty/premium/256x100000-fit/w-a5ttd25468c0-6347-47a9-b3f6-2b00fcb1a295_866x1154.jpeg', 'https://img.iproperty.com.my/my-iproperty/premium/256x100000-fit/w-c7ks376dc8a9-afcf-4867-9c9c-573ea61f4b6d_866x1154.jpeg', 'https://img.iproperty.com.my/my-iproperty/premium/256x100000-fit/w-gsfcbfaae9c2-7196-4cfa-8c6a-911cf51c905d_866x1154.jpeg', 'https://img.iproperty.com.my/my-iproperty/premium/256x100000-fit/w-vpg522cd593c-aff0-467c-ab7f-54c78974f512_1154x865.jpeg', 'https://img.iproperty.com.my/my-iproperty/premium/256x100000-fit/w-8bsv699ba4fa-cf04-43b4-8b26-bc355c3277f6_866x1154.jpeg', 'https://img.iproperty.com.my/my-iproperty/premium/256x100000-fit/w-jwyv611122d2-a7ff-4267-84e3-050903140b3a_866x1154.jpeg', 'https://img.iproperty.com.my/my-iproperty/premium/256x100000-fit/w-giw2db660ad0-a827-4549-b66c-61b5cc3739e2_866x1154.jpeg', 'https://img.iproperty.com.my/my-iproperty/premium/256x100000-fit/w-q1va3ac728d6-cd66-41b3-83ae-38a862075c59_866x1154.jpeg', 'https://img.iproperty.com.my/my-iproperty/premium/256x100000-fit/w-5fw96a5f3980-08e6-4581-8fc5-cb87551b791a_866x1154.jpeg', 'https://img.iproperty.com.my/my-iproperty/premium/256x100000-fit/w-fg00713673d3-6766-46d7-8ee2-8dc3a33dcd6b_866x1154.jpeg', 'https://img.iproperty.com.my/my-iproperty/premium/256x100000-fit/w-de688e0b3082-129f-4580-936f-eb334bc81e8f_866x1154.jpeg', 'https://img.iproperty.com.my/my-iproperty/premium/256x100000-fit/w-dobfd4de8754-8a0d-4950-91cd-9e1f2fc5403a_1154x865.jpeg', 'https://img.iproperty.com.my/my-iproperty/premium/256x100000-fit/w-9gz037120736-a1e5-406d-9b83-58e9983272f3_866x1154.jpeg', 'https://img.iproperty.com.my/my-iproperty/premium/256x100000-fit/w-u7abd7bebc09-3dbb-4ec6-83fd-d51126e511b4_866x1154.jpeg', 'https://img.iproperty.com.my/my-iproperty/premium/256x100000-fit/w-msp241fe796a-f008-459d-9b3b-4b101bf1492b_866x1154.jpeg', 'https://img.iproperty.com.my/my-iproperty/premium/256x100000-fit/w-uxtvc3ef56aa-e94b-4759-b593-4925dc3de96d_866x1154.jpeg', 'https://img.iproperty.com.my/my-iproperty/premium/256x100000-fit/w-gd06c12e51a6-5f3e-432e-9150-8ef61958ac1a_866x1154.jpeg', 'https://img.iproperty.com.my/my-iproperty/premium/256x100000-fit/w-clzz76c52d00-3ea6-43c2-9841-84464387b13c_866x1154.jpeg', 'https://img.iproperty.com.my/my-iproperty/premium/256x100000-fit/w-hp0s157fec31-62a8-4fc7-b978-b040c282ccaa_866x1154.jpeg', 'https://img.iproperty.com.my/my-iproperty/premium/256x100000-fit/w-8yzw21985cb2-e61a-4483-b205-b0f7d652aba4_866x1154.jpeg', 'https://img.iproperty.com.my/my-iproperty/premium/256x100000-fit/w-xpb78c159b28-2d63-45fa-8721-3956df182d2c_866x1154.jpeg', 'https://img.iproperty.com.my/my-iproperty/premium/256x100000-fit/w-chq286c8952c-7096-4f12-981c-43e505fbc84a_866x1154.jpeg', 'https://img.iproperty.com.my/my-iproperty/premium/256x100000-fit/w-xi2p8197e6cb-ce1a-49e4-8658-bd8630d8b91b_866x1154.jpeg', 'https://img.iproperty.com.my/my-iproperty/premium/256x100000-fit/w-oeh842312877-e62f-40a2-b200-2cc9d5d68d75_866x1154.jpeg', 'https://img.iproperty.com.my/my-iproperty/premium/256x100000-fit/w-ozf3bcbe22ce-6e74-4b8c-8bb2-6671540e4a5e_866x1154.jpeg', 'https://img.iproperty.com.my/my-iproperty/premium/256x100000-fit/w-gde51c9f13b8-8993-4237-b63e-471ff8797983_866x1154.jpeg', 'https://img.iproperty.com.my/my-iproperty/premium/256x100000-fit/w-amzy2e6435b0-57c2-4c85-82ee-dc4a3f7fd158_866x1154.jpeg', 'https://img.iproperty.com.my/my-iproperty/premium/256x100000-fit/w-jgg384cfdc15-5776-45f6-ae36-90cc5642b2c6_866x1154.jpeg', 'https://img.iproperty.com.my/my-iproperty/premium/256x100000-fit/w-4tivc3c449d1-cc64-4adf-992f-4d2fd6114009_866x1154.jpeg', 'https://img.iproperty.com.my/my-iproperty/premium/256x100000-fit/w-rzgv5a31ba4d-3a5c-4479-8851-6788d321eba0_866x1154.jpeg', 'https://img.iproperty.com.my/my-iproperty/premium/256x100000-fit/w-htb1159c8ee4-f4c5-44e5-a1b0-d29cdaabf36d_1154x865.jpeg', 'https://img.iproperty.com.my/my-iproperty/premium/256x100000-fit/w-f45522b23399-6d4c-4a9a-ab11-596b0ce047b5_866x1154.jpeg'}"
"Taman Melawati, Ulu Kelang",1880000,Ulu Kelang, Kuala Lumpur,6,"Amberhill, Amberhill Taman Melawati, Taman Melawati, Kuala Lumpur",Freehold,Unfurnished,5000,"['Kitchen Cabinet', 'Air Conditioner', 'Balcony', 'Bath Tub', 'Garage', 'Garden', 'Bbq', 'Parking', 'Jogging Track', 'Playground', '24-Hour Security']",6,,2.5-sty Terrace/Link House,376.0,"{'https://img.iproperty.com.my/my-iproperty/premium/256x100000-fit/w-u0cd24905159-5110-4c62-a179-b4536ea5e2d7_809x1080.jpeg', 'https://img.iproperty.com.my/my-iproperty/premium/256x100000-fit/w-gzlt0eaeb650-0db4-4f7d-bfab-5b9b9f267d37_1080x809.jpeg', 'https://img.iproperty.com.my/my-iproperty/premium/256x100000-fit/w-qaxacbfb1e32-658a-4771-9caf-04f3bdce1429_1080x809.jpeg', 'https://img.iproperty.com.my/my-iproperty/premium/256x100000-fit/w-lslv941260d2-a1c6-4bff-95fb-8a66b969b71e_809x1080.jpeg', 'https://img.iproperty.com.my/my-iproperty/premium/256x100000-fit/w-ilxu22ee0212-4db3-4291-a152-7696e43dba30_809x1080.jpeg', 'https://img.iproperty.com.my/my-iproperty/premium/256x100000-fit/w-1the2ee93c1a-a43b-4a7d-abe0-3e5f62d316fa_809x1080.jpeg', 'https://img.iproperty.com.my/my-iproperty/premium/256x100000-fit/w-kr2673033a7d-10e1-455e-b4b9-de720aa1f447_1080x809.jpeg', 'https://img.iproperty.com.my/my-iproperty/premium/256x100000-fit/w-8h7w09c2459c-a80d-4ec0-8fff-94fb55a95df5_809x1080.jpeg', 'https://img.iproperty.com.my/my-iproperty/premium/256x100000-fit/w-qhjq1f631520-582e-4864-8bcb-6bf61d38a1c6_1152x864.jpeg', 'https://img.iproperty.com.my/my-iproperty/premium/256x100000-fit/w-lsek91a78f3f-6ef0-4c3a-861d-b67f6f86eb68_1080x809.jpeg', 'https://img.iproperty.com.my/my-iproperty/premium/256x100000-fit/w-dvd702fb8dd6-4152-4055-8d19-1906547ca827_1152x864.jpeg', 'https://img.iproperty.com.my/my-iproperty/premium/256x100000-fit/w-g72hfccc8edf-29c8-4132-a39b-432113b40c90_1080x809.jpeg', 'https://img.iproperty.com.my/my-iproperty/premium/256x100000-fit/w-6osz0a62619a-4157-4385-8b6b-871f1323d5bd_809x1080.jpeg', 'https://img.iproperty.com.my/my-iproperty/premium/256x100000-fit/w-1bvo1ba7dfec-4743-4f41-b73e-9b0845ca6f6d_1080x809.jpeg', 'https://img.iproperty.com.my/my-iproperty/premium/256x100000-fit/w-d7jqdf8c7f2b-ea2f-4af5-b7a9-292712d59b71_1152x864.jpeg'}"
Sunway Spk,2360000,Sunway Spk, Kuala Lumpur,6,"Sunway Spk , Bandar Menjalara, Sunway Spk, 52200, Kuala Lumpur",Freehold,Unfurnished,2800,"['Kitchen Cabinet', 'Air Conditioner']",4,,2.5-sty Terrace/Link House,842.86,"{'https://img.iproperty.com.my/my-iproperty/premium/256x100000-fit/w-go3bf6cce9f9-2275-460c-9796-725163bd4226_768x1024.jpeg', 'https://img.iproperty.com.my/my-iproperty/premium/256x100000-fit/w-36weedf19c86-4102-4895-a3aa-bcb09cebb27c_567x1008.jpeg', 'https://img.iproperty.com.my/my-iproperty/premium/256x100000-fit/w-8xnvb3b77ce5-6407-4d24-930c-73fd141ba1a0_567x1008.jpeg', 'https://img.iproperty.com.my/my-iproperty/premium/256x100000-fit/w-eqlb0419c873-53a4-4724-a15a-2e8d6b582a0e_1008x567.jpeg', 'https://img.iproperty.com.my/my-iproperty/premium/256x100000-fit/w-va0oac8fa227-fc7d-46e3-8dd5-ba5d02765b22_992x744.jpeg'}"
"Seksyen U9, Subang Sejahtera, Shah Alam",860000,Shah Alam, Selangor,6,"Jalan Kuning U9/22, Seksyen U9, Subang Sejahtera, 40150, Selangor",Leasehold,Unfurnished,3311,['Kitchen Cabinet'],5,,2.5-sty Terrace/Link House,259.74,"{'https://img.iproperty.com.my/my-iproperty/premium/256x100000-fit/w-n2dxc295e8ae-cddf-48cf-8892-b3508ecf5777_1024x768.jpeg', 'https://img.iproperty.com.my/my-iproperty/premium/256x100000-fit/w-fjfm58ce28df-8d36-4cd5-b968-61470ca83dc4_1024x768.jpeg', 'https://img.iproperty.com.my/my-iproperty/premium/256x100000-fit/w-lio2ba0c84ee-6ad6-4053-bdfd-17def6fd3cd4_768x1024.jpeg', 'https://img.iproperty.com.my/my-iproperty/premium/256x100000-fit/w-hlyv0f27427c-bf30-4087-87dc-298650e99399_1024x768.jpeg', 'https://img.iproperty.com.my/my-iproperty/premium/256x100000-fit/w-m94bba5ec746-3783-4555-8b28-a65625b99653_1080x948.jpeg', 'https://img.iproperty.com.my/my-iproperty/premium/256x100000-fit/w-saq07773286f-2246-4a9e-a53d-dde64541a58a_1024x768.jpeg', 'https://img.iproperty.com.my/my-iproperty/premium/256x100000-fit/w-y3x144c851ee-fe02-43a3-8798-ecfb226ac8cf_1024x768.jpeg', 'https://img.iproperty.com.my/my-iproperty/premium/256x100000-fit/w-nysuc36df65b-79f9-4577-836e-5e17eaf0a62f_1024x768.jpeg', 'https://img.iproperty.com.my/my-iproperty/premium/256x100000-fit/w-wxpsff2a4803-cb15-4863-9bc0-06146e42b3d4_1080x501.jpeg', 'https://img.iproperty.com.my/my-iproperty/premium/256x100000-fit/w-p59h2ab27c16-1bea-4487-8b4d-551476a2654e_1024x768.jpeg', 'https://img.iproperty.com.my/my-iproperty/premium/256x100000-fit/w-fhiz24bea87d-acde-49e9-8108-9dc4da02a8bb_1024x768.jpeg', 'https://img.iproperty.com.my/my-iproperty/premium/256x100000-fit/w-wylc8581278f-220c-443a-8370-b92ef136ba47_1024x768.jpeg', 'https://img.iproperty.com.my/my-iproperty/premium/256x100000-fit/w-zs4d763c7d0b-2211-4c2d-8978-60a02b88262e_1024x768.jpeg', 'https://img.iproperty.com.my/my-iproperty/premium/256x100000-fit/w-7aoo960b786b-f768-4636-a121-032a39085e25_1024x768.jpeg'}"
"Bandar Utama 6, Bandar Utama",1900000,Bandar Utama, Selangor,5,"BU6, Jalan BU 6/5, Bandar Utama 6, 47800, Selangor",Freehold,Unfurnished,3000,"['Bbq', 'Jogging Track', 'Playground', 'Tennis Courts', 'Retail Stores', '24-Hour Security', 'Nursery']",5,4.0,2.5-sty Terrace/Link House,633.33,"{'https://img.iproperty.com.my/my-iproperty/premium/256x100000-fit/w-ak7798b4cae4-f388-474d-8e34-3b8c5caf5155_1154x865.jpeg', 'https://img.iproperty.com.my/my-iproperty/premium/256x100000-fit/w-kaze72387e6d-f254-4802-8a7b-4047435a1c49_866x1154.jpeg', 'https://img.iproperty.com.my/my-iproperty/premium/256x100000-fit/w-41mqac7ad6a9-a069-4ff8-b0f3-282592dfa471_866x1154.jpeg', 'https://img.iproperty.com.my/my-iproperty/premium/256x100000-fit/w-2m92c9f285ef-c350-47de-8964-d8e0b2a62b0d_1154x865.jpeg', 'https://img.iproperty.com.my/my-iproperty/premium/256x100000-fit/w-j84n5b541b03-e18d-4534-8a45-47829e31564b_866x1154.jpeg', 'https://img.iproperty.com.my/my-iproperty/premium/256x100000-fit/w-fugna9bf7763-172e-41dd-a6de-37220cd8ebed_1154x865.jpeg', 'https://img.iproperty.com.my/my-iproperty/premium/256x100000-fit/w-o3pn0e17a795-1090-4149-8038-8714ef650ace_866x1154.jpeg', 'https://img.iproperty.com.my/my-iproperty/premium/256x100000-fit/w-zwicac1666fe-19a5-48f1-8d8d-06b72dd3ff6b_1154x865.jpeg', 'https://img.iproperty.com.my/my-iproperty/premium/256x100000-fit/w-zpx07e041cd4-1d0e-4673-909e-ed0a92657c28_866x1154.jpeg', 'https://img.iproperty.com.my/my-iproperty/premium/256x100000-fit/w-srd32638ff6e-b4f9-4d87-bc73-7a236ed86fbb_866x1154.jpeg', 'https://img.iproperty.com.my/my-iproperty/premium/256x100000-fit/w-kabj71f60f34-48cc-4f33-b94a-07fc0c5ddad3_1154x865.jpeg', 'https://img.iproperty.com.my/my-iproperty/premium/256x100000-fit/w-v95j7e2020c9-5cc2-4df3-8b23-167efe79f018_866x1154.jpeg', 'https://img.iproperty.com.my/my-iproperty/premium/256x100000-fit/w-2afsfe798943-7adc-491b-9665-e9a9bf2812b0_1154x865.jpeg', 'https://img.iproperty.com.my/my-iproperty/premium/256x100000-fit/w-5r1x8c5c508c-8469-4153-a73d-04dc18c01dc2_1154x865.jpeg'}"
"Quartz Villa, Bandar Mahkota Cheras, Cheras",1190000,Cheras, Selangor,5,"Jalan Inang, Quartz Villa, Bandar Mahkota Cheras, 43200, Selangor",Freehold,Unfurnished,2800,"['Kitchen Cabinet', 'Balcony', 'Garden', 'Air Conditioner', 'Garage']",4,2.0,2.5-sty Terrace/Link House,425.0,"{'https://img.iproperty.com.my/my-iproperty/premium/256x100000-fit/w-pyr07292e6e1-fa05-4f08-b9d2-e6c00f92ad40_640x480.jpeg', 'https://img.iproperty.com.my/my-iproperty/premium/256x100000-fit/w-cqgt6e8afc24-38c6-4eab-9a13-6a8cd8a7ae0b_866x1154.jpeg', 'https://img.iproperty.com.my/my-iproperty/premium/256x100000-fit/w-ku423b9bff0f-a0d4-40f5-a61f-33a9c53cf110_679x1469.png', 'https://img.iproperty.com.my/my-iproperty/premium/256x100000-fit/w-8it71f8243f8-d043-47bf-8648-639277f08f6f_640x480.jpeg', 'https://img.iproperty.com.my/my-iproperty/premium/256x100000-fit/w-hmte8cae77a1-c0f5-48cc-af13-3f8454723a99_640x480.jpeg', 'https://img.iproperty.com.my/my-iproperty/premium/256x100000-fit/w-hvp00e73ce3b-e57a-4e45-b6c5-a8304fda915b_810x1234.jpeg', 'https://img.iproperty.com.my/my-iproperty/premium/256x100000-fit/w-t5a8e9eff274-082f-4d13-993f-1776fdc570eb_866x1154.jpeg', 'https://img.iproperty.com.my/my-iproperty/premium/256x100000-fit/w-nm0h9d20b6dd-d7fb-4705-b28f-e0f46f5a2694_640x480.jpeg', 'https://img.iproperty.com.my/my-iproperty/premium/256x100000-fit/w-tni349c9e6cd-61fd-43fe-9085-ae85f6a3eae6_640x480.jpeg', 'https://img.iproperty.com.my/my-iproperty/premium/256x100000-fit/w-f8k24b4fc1f8-824e-4311-823e-4b62da78f38f_816x1225.jpeg'}"
"Taman Kempas Utama, Tebrau",985000,Tebrau, Johor,5,"Oleander Residences, Jalan Kempas Utama, Kempas Utama, Taman Kempas Utama, 81300, Johor",Freehold,Unfurnished,3111,[],3,,2.5-sty Terrace/Link House,316.62,"{'https://img.iproperty.com.my/my-iproperty/premium/256x100000-fit/w-vpb438ddc61e-cfe2-45d3-9939-b514ea637514_955x716.jpeg', 'https://img.iproperty.com.my/my-iproperty/premium/256x100000-fit/w-ayeo4f8fac54-509f-4972-8b64-2cbaf13a5644_1080x810.jpeg', 'https://img.iproperty.com.my/my-iproperty/premium/256x100000-fit/w-sremeb6978d4-c050-4360-adc4-f9961daaa72d_960x720.jpeg', 'https://img.iproperty.com.my/my-iproperty/premium/256x100000-fit/w-ym1o5e6ef972-b709-4014-939d-d500e105dbe1_938x703.jpeg', 'https://img.iproperty.com.my/my-iproperty/premium/256x100000-fit/w-9c2808f2290d-3d07-44fa-b0e7-af3d0a23f808_1080x809.jpeg', 'https://img.iproperty.com.my/my-iproperty/premium/256x100000-fit/w-neg303c8dce6-058b-496d-a3af-d1a57d83938e_960x720.jpeg', 'https://img.iproperty.com.my/my-iproperty/premium/256x100000-fit/w-xat5b0661389-fa90-4c9f-b488-8abceb9f3185_1080x809.jpeg', 'https://img.iproperty.com.my/my-iproperty/premium/256x100000-fit/w-xerof8501281-e226-4678-9a20-d11120c94911_1080x810.jpeg', 'https://img.iproperty.com.my/my-iproperty/premium/256x100000-fit/w-a32a5c08d6b3-122b-4849-8925-d80f220b54de_960x720.jpeg', 'https://img.iproperty.com.my/my-iproperty/premium/256x100000-fit/w-fawc0d1e7e76-5356-4984-8231-e2e95c4554df_960x720.jpeg', 'https://img.iproperty.com.my/my-iproperty/premium/256x100000-fit/w-py9397c1c978-97d5-4c1c-9a1a-f7969fc3793c_960x720.jpeg', 'https://img.iproperty.com.my/my-iproperty/premium/256x100000-fit/w-svbpbe9b2dcc-9d4a-4120-9f5c-0de00479baf6_1080x809.jpeg', 'https://img.iproperty.com.my/my-iproperty/premium/256x100000-fit/w-ebcicd55be4d-4b1e-406a-b843-68ad91f4e2d5_810x608.jpeg'}"
"USJ Heights, Subang Jaya",1550000,Subang Jaya, Selangor,6,"USJ Heights, USJ, Subang Jaya, USJ Heights, USJ, Subang Jaya, USJ Heights, Selangor",Freehold,Unfurnished,3350,"['Kitchen Cabinet', 'Air Conditioner', 'Balcony', 'Bath Tub', 'Garden']",6,,2.5-sty Terrace/Link House,462.69,"{'https://img.iproperty.com.my/my-iproperty/premium/256x100000-fit/w-mbn60c6155a4-9deb-4fad-b3a6-0384057cb595_1080x485.jpeg', 'https://img.iproperty.com.my/my-iproperty/premium/256x100000-fit/w-je63b2813615-dd80-4901-8cca-e3a96d625184_1080x485.jpeg', 'https://img.iproperty.com.my/my-iproperty/premium/256x100000-fit/w-st5f62c84664-b78b-4623-8f7a-db48f7e7ba42_1080x485.jpeg', 'https://img.iproperty.com.my/my-iproperty/premium/256x100000-fit/w-dizj87e84ef3-3d92-4630-baea-dff13254d488_1080x485.jpeg', 'https://img.iproperty.com.my/my-iproperty/premium/256x100000-fit/w-i9kk76c008b5-276c-4925-9ac4-a03ea3a9858b_1080x485.jpeg', 'https://img.iproperty.com.my/my-iproperty/premium/256x100000-fit/w-w3m4762cf1b5-c74e-453f-b44e-647ae4362ec8_1080x484.jpeg'}"
Taman Tun Dr Ismail,3600000,Taman Tun Dr Ismail, Kuala Lumpur,5,"Datuk Sulaiman, TTDI, Taman Tun Dr Ismail, 60000, Kuala Lumpur",Freehold,Unfurnished,2800,"['Kitchen Cabinet', 'Balcony', 'Garden', 'Air Conditioner']",4,,2.5-sty Terrace/Link House,1285.71,"{'https://img.iproperty.com.my/my-iproperty/premium/256x100000-fit/w-o5s329e5d66e-cf14-4802-a3ab-09f765917d0c_4032x3024.jpeg', 'https://img.iproperty.com.my/my-iproperty/premium/256x100000-fit/w-w9of45f23155-ef94-4d34-bb2a-718a7a7001f8_4032x3024.jpeg', 'https://img.iproperty.com.my/my-iproperty/premium/256x100000-fit/w-809h169bba94-660d-4f50-80d6-c2fd7b076fb8_4032x3024.jpeg', 'https://img.iproperty.com.my/my-iproperty/premium/256x100000-fit/w-ya9n840c2e92-02df-441d-9d78-19ca7c2633eb_4032x3024.jpeg', 'https://img.iproperty.com.my/my-iproperty/premium/256x100000-fit/w-24hsb29ef47f-dc99-41d7-8896-2870179f3f75_4032x3024.jpeg', 'https://img.iproperty.com.my/my-iproperty/premium/256x100000-fit/w-ypxia49d1599-61a8-4067-a409-f01af6914473_4032x3024.jpeg', 'https://img.iproperty.com.my/my-iproperty/premium/256x100000-fit/w-tenabed35e98-89fe-4154-991f-0c2b1a2ed171_4032x3024.jpeg', 'https://img.iproperty.com.my/my-iproperty/premium/256x100000-fit/w-uwqv9906ff91-1376-4e83-8c53-60d5a69629af_4032x3024.jpeg', 'https://img.iproperty.com.my/my-iproperty/premium/256x100000-fit/w-1kerfe8de303-3333-47f2-9005-c93e5e7a81bb_4032x3024.jpeg', 'https://img.iproperty.com.my/my-iproperty/premium/256x100000-fit/w-vphraa8dc1bb-93eb-4fd1-b39b-ef518933d2a6_4032x3024.jpeg', 'https://img.iproperty.com.my/my-iproperty/premium/256x100000-fit/w-zju743e0b272-faf7-429e-b24b-397dd15ac8af_4032x3024.jpeg', 'https://img.iproperty.com.my/my-iproperty/premium/256x100000-fit/w-kgiw0c39204b-d66b-46c3-a7bb-b42137477a20_4032x3024.jpeg', 'https://img.iproperty.com.my/my-iproperty/premium/256x100000-fit/w-im2j60191545-21b6-4c72-832c-fc4674e50d66_4032x3024.jpeg', 'https://img.iproperty.com.my/my-iproperty/premium/256x100000-fit/w-9ufq2df7fb9a-e09a-4c2c-93a8-0eb551773b93_3807x2855.jpeg', 'https://img.iproperty.com.my/my-iproperty/premium/256x100000-fit/w-1v0k12e0ba53-23b1-4227-bf2a-92890f688eca_4032x3024.jpeg', 'https://img.iproperty.com.my/my-iproperty/premium/256x100000-fit/w-athjecbf48db-d539-4e5a-933c-8f9b6f759793_4032x3024.jpeg'}"
Taman Tun Dr Ismail,1700000,Taman Tun Dr Ismail, Kuala Lumpur,6,"2 Storey Terrace, Jalan Datuk Sulaiman, Taman Tun Dr Ismail, TTDI, 60000, Kuala Lumpur",Freehold,Unfurnished,2800,['Kitchen Cabinet'],5,2.0,2.5-sty Terrace/Link House,607.14,"{'https://img.iproperty.com.my/my-iproperty/premium/256x100000-fit/w-8ewvbc30864c-66e7-442d-aaf5-6d8af8d99f37_3936x2624.jpeg', 'https://img.iproperty.com.my/my-iproperty/premium/256x100000-fit/w-ao90eb7ea597-2d16-40b1-974d-f193a4317665_3936x2624.jpeg', 'https://img.iproperty.com.my/my-iproperty/premium/256x100000-fit/w-h6u0d2438b91-5f0c-4d74-9ea5-d00c482788ad_3936x2624.jpeg', 'https://img.iproperty.com.my/my-iproperty/premium/256x100000-fit/w-rolgc1ba8901-f1d4-47b8-a8ba-1adfb3e8c85a_3936x2624.jpeg', 'https://img.iproperty.com.my/my-iproperty/premium/256x100000-fit/w-yysf7b3b78db-d6a9-46e7-ab7c-2dfdf6291bf5_3936x2624.jpeg', 'https://img.iproperty.com.my/my-iproperty/premium/256x100000-fit/w-d1am36ccd884-80a0-4916-aa64-117f0d7fc2bb_3936x2624.jpeg', 'https://img.iproperty.com.my/my-iproperty/premium/256x100000-fit/w-tqry11b7b360-2cfa-4fab-805a-44a0741dd111_3936x2624.jpeg', 'https://img.iproperty.com.my/my-iproperty/premium/256x100000-fit/w-w19kddf5da34-c28d-4291-84e0-4916119e4cfc_3936x2624.jpeg', 'https://img.iproperty.com.my/my-iproperty/premium/256x100000-fit/w-dfe6cd4e600a-5d4d-4a72-b546-637233a9aadf_3936x2624.jpeg', 'https://img.iproperty.com.my/my-iproperty/premium/256x100000-fit/w-696td766cd2a-96a3-464d-9aa0-8e2cd49bb637_3936x2624.jpeg', 'https://img.iproperty.com.my/my-iproperty/premium/256x100000-fit/w-5xdifd6886a0-aaea-4e1c-a5e4-624bb6a3adec_3936x2624.jpeg', 'https://img.iproperty.com.my/my-iproperty/premium/256x100000-fit/w-zb7k9c4a019d-b7d5-4d7d-9470-041902aebcf6_3936x2624.jpeg', 'https://img.iproperty.com.my/my-iproperty/premium/256x100000-fit/w-2d2o27c40562-77f1-46b4-ad06-b7d515cf1401_3936x2624.jpeg', 'https://img.iproperty.com.my/my-iproperty/premium/256x100000-fit/w-yfoqb03f9970-4e1c-4cfd-89ea-f8e4490082f1_3936x2624.jpeg', 'https://img.iproperty.com.my/my-iproperty/premium/256x100000-fit/w-i26t1ed83cf9-abd8-4f5c-8b16-62a44159a9fb_3936x2624.jpeg', 'https://img.iproperty.com.my/my-iproperty/premium/256x100000-fit/w-lufj02637535-c531-4200-8290-cd577b1369b5_3936x2624.jpeg', 'https://img.iproperty.com.my/my-iproperty/premium/256x100000-fit/w-5dcq74f3f035-3612-4603-a415-780c0e923769_3936x2624.jpeg', 'https://img.iproperty.com.my/my-iproperty/premium/256x100000-fit/w-basgb33a270d-c14e-4e92-b542-316c7cb36a6f_3936x2624.jpeg', 'https://img.iproperty.com.my/my-iproperty/premium/256x100000-fit/w-6zo0b188791c-9063-4750-bd44-86c97e691836_3936x2624.jpeg', 'https://img.iproperty.com.my/my-iproperty/premium/256x100000-fit/w-ikq24ef7300d-a921-4cd1-b57b-90775ffb3f48_3936x2624.jpeg', 'https://img.iproperty.com.my/my-iproperty/premium/256x100000-fit/w-wz6yc2b421bc-b84f-4dcc-861f-c8ed097a7b85_3936x2624.jpeg', 'https://img.iproperty.com.my/my-iproperty/premium/256x100000-fit/w-fpf92d79bf2b-721b-4c01-8a76-669684ea975d_3936x2624.jpeg', 'https://img.iproperty.com.my/my-iproperty/premium/256x100000-fit/w-c974b3c9c0dd-c2ea-4071-a867-d64b99e07bba_3936x2624.jpeg', 'https://img.iproperty.com.my/my-iproperty/premium/256x100000-fit/w-16l79e6a6c4c-a33b-47c5-83b2-c098e0aad874_3936x2624.jpeg', 'https://img.iproperty.com.my/my-iproperty/premium/256x100000-fit/w-c4t576000850-409b-4599-8ee7-ae77322c0790_3936x2624.jpeg', 'https://img.iproperty.com.my/my-iproperty/premium/256x100000-fit/w-nb05e2f52340-c42a-47cb-a7d9-7b0d85c8a621_3936x2624.jpeg', 'https://img.iproperty.com.my/my-iproperty/premium/256x100000-fit/w-0969fb55651f-bafd-490f-9430-d6701d6f8547_3936x2624.jpeg', 'https://img.iproperty.com.my/my-iproperty/premium/256x100000-fit/w-4a9k6f458a61-dfbd-4a29-a913-593f20ebc1f8_3936x2624.jpeg', 'https://img.iproperty.com.my/my-iproperty/premium/256x100000-fit/w-6foy992350ca-6caa-4eab-bceb-97c273bd3065_3936x2624.jpeg', 'https://img.iproperty.com.my/my-iproperty/premium/256x100000-fit/w-kwe931a8bb61-db4e-4d5c-8a67-34afb2722be0_3936x2624.jpeg', 'https://img.iproperty.com.my/my-iproperty/premium/256x100000-fit/w-jjnv43667a08-29a3-4e81-8c39-88598f57642b_3936x2624.jpeg', 'https://img.iproperty.com.my/my-iproperty/premium/256x100000-fit/w-ydkoa053dabb-4a9d-43f4-904a-560676634ea6_3936x2624.jpeg', 'https://img.iproperty.com.my/my-iproperty/premium/256x100000-fit/w-bsdw7d5048e9-bf91-48a1-a8d9-efb252bb951f_3936x2624.jpeg', 'https://img.iproperty.com.my/my-iproperty/premium/256x100000-fit/w-gtpqa6e0aabc-eb13-42df-9185-fb3f02c3ba4b_3936x2624.jpeg', 'https://img.iproperty.com.my/my-iproperty/premium/256x100000-fit/w-3tc12c32f361-a751-401e-9ff5-446941c41d31_3936x2624.jpeg', 'https://img.iproperty.com.my/my-iproperty/premium/256x100000-fit/w-891tf45257aa-7757-4203-8a34-ca6b9a915f17_3936x2624.jpeg', 'https://img.iproperty.com.my/my-iproperty/premium/256x100000-fit/w-e228ceddb27d-e470-44b5-bb56-6f110ad29886_3936x2624.jpeg', 'https://img.iproperty.com.my/my-iproperty/premium/256x100000-fit/w-x1or78ea5765-538e-4670-b5f2-6503750f0b1c_3936x2624.jpeg'}"
"Laman Rimbunan, Kepong",1600000,Kepong, Kuala Lumpur,5,"Fadason Villa, Fortune Park, Taman Tasik Indah, Taman Residensi, Laman Residen, Laman Rimbunan, 52100, Kuala Lumpur",Leasehold,Unfurnished,3300,[],6,2.0,2.5-sty Terrace/Link House,484.85,"{'https://img.iproperty.com.my/my-iproperty/premium/256x100000-fit/w-4ba93ef92fed-377e-4340-9d42-b9494e455604_1080x810.jpeg', 'https://img.iproperty.com.my/my-iproperty/premium/256x100000-fit/w-k7a49aaf5226-463e-41c5-b040-c12156c56893_1080x810.jpeg', 'https://img.iproperty.com.my/my-iproperty/premium/256x100000-fit/w-zcpbcc67932e-d7e4-4aca-8a9f-d0d976231135_1080x810.jpeg', 'https://img.iproperty.com.my/my-iproperty/premium/256x100000-fit/w-e5h0c9d90e4d-e03d-4a20-ad07-62ed85e51bb6_1080x810.jpeg', 'https://img.iproperty.com.my/my-iproperty/premium/256x100000-fit/w-lhfn177a33b6-03c2-4196-9b20-fd8ec3728cc7_1080x810.jpeg', 'https://img.iproperty.com.my/my-iproperty/premium/256x100000-fit/w-1cf3f1c23cd7-03c8-4633-9b43-425c50b680d0_1080x810.jpeg', 'https://img.iproperty.com.my/my-iproperty/premium/256x100000-fit/w-vio287be7326-1321-4c15-8e19-3565e77eaa1c_1080x810.jpeg', 'https://img.iproperty.com.my/my-iproperty/premium/256x100000-fit/w-7c2vd56798f8-eead-4213-b479-0c9cbc5cb41b_810x1080.jpeg', 'https://img.iproperty.com.my/my-iproperty/premium/256x100000-fit/w-306macefd184-c877-4ee1-aab9-1e8ed18835c2_1080x810.jpeg', 'https://img.iproperty.com.my/my-iproperty/premium/256x100000-fit/w-dvt330229827-0e6e-4c5c-ba4e-7c32b8f8b9b0_810x1080.jpeg', 'https://img.iproperty.com.my/my-iproperty/premium/256x100000-fit/w-b2sqab95e57f-087c-4751-8d28-859db4e48a81_810x1080.jpeg', 'https://img.iproperty.com.my/my-iproperty/premium/256x100000-fit/w-q6ct99fffe00-47d1-440e-8471-243fa69f4401_1080x810.jpeg', 'https://img.iproperty.com.my/my-iproperty/premium/256x100000-fit/w-y8kt1105d1d9-694f-43f4-b5a7-78afb9407fb3_1080x810.jpeg', 'https://img.iproperty.com.my/my-iproperty/premium/256x100000-fit/w-dpwq1535117c-d426-400c-997a-d8910b64a0e2_1080x810.jpeg'}"
"Bukit Serdang, Seri Kembangan",1350000,Seri Kembangan, Selangor,4,"Jalan BS 9/11, Bukit Serdang, 43300, Selangor",Freehold,Unfurnished,2894,"['Kitchen Cabinet', 'Air Conditioner', 'Parking']",4,,2.5-sty Terrace/Link House,466.48,"{'https://img.iproperty.com.my/my-iproperty/premium/256x100000-fit/w-2se55ea3b745-2aa9-42ba-a80c-d87340c4e3d3_1024x768.jpeg', 'https://img.iproperty.com.my/my-iproperty/premium/256x100000-fit/w-9uol5a109021-b89e-48fc-998a-962127f93967_1024x768.jpeg', 'https://img.iproperty.com.my/my-iproperty/premium/256x100000-fit/w-5kk0e8e8b1a8-b1a5-48e9-ae5b-7d80cdfecf93_768x1024.jpeg', 'https://img.iproperty.com.my/my-iproperty/premium/256x100000-fit/w-y6z145e073fb-4144-4fb6-a8b2-5b13bceada83_1024x768.jpeg', 'https://img.iproperty.com.my/my-iproperty/premium/256x100000-fit/w-273428cfb4fb-30d2-416e-87f8-272483ad2232_1024x768.jpeg', 'https://img.iproperty.com.my/my-iproperty/premium/256x100000-fit/w-3o3z3d4b339b-37ec-4607-934d-34cd25adc92b_768x1024.jpeg', 'https://img.iproperty.com.my/my-iproperty/premium/256x100000-fit/w-c2jt371a2943-6020-400a-9c92-78cce1f7d32c_1024x768.jpeg', 'https://img.iproperty.com.my/my-iproperty/premium/256x100000-fit/w-5nz21191b942-8806-49ad-ae28-680c0378ff03_1024x768.jpeg', 'https://img.iproperty.com.my/my-iproperty/premium/256x100000-fit/w-2ryd9eb0580d-3cf3-4622-a173-29a94e1ccb8e_1024x768.jpeg', 'https://img.iproperty.com.my/my-iproperty/premium/256x100000-fit/w-flc53815661e-d8d5-49f6-8639-5d8e6d04d294_1024x768.jpeg', 'https://img.iproperty.com.my/my-iproperty/premium/256x100000-fit/w-a8pj2e9467c7-afcf-4d52-a5df-d0ae24e7dadc_1024x768.jpeg', 'https://img.iproperty.com.my/my-iproperty/premium/256x100000-fit/w-9xi241119e4f-9814-4d3d-8e63-fff10e760279_1024x768.jpeg', 'https://img.iproperty.com.my/my-iproperty/premium/256x100000-fit/w-hf8o0a797efc-0b86-4048-baef-893e8e43cbbe_1024x768.jpeg', 'https://img.iproperty.com.my/my-iproperty/premium/256x100000-fit/w-24abd0f4aaa4-d3fb-4b4f-941b-96009db35812_768x1024.jpeg', 'https://img.iproperty.com.my/my-iproperty/premium/256x100000-fit/w-gopw8888f866-9f16-47dc-835e-8096f3f07922_1024x768.jpeg', 'https://img.iproperty.com.my/my-iproperty/premium/256x100000-fit/w-qykj270f2e1f-99cf-4e35-87d8-aeed8ae82ba1_1024x768.jpeg', 'https://img.iproperty.com.my/my-iproperty/premium/256x100000-fit/w-kb1fc1baa172-26e5-47c1-baea-8048d7662007_1024x768.jpeg', 'https://img.iproperty.com.my/my-iproperty/premium/256x100000-fit/w-50h80dbccd48-ae9b-413c-a796-9970652a42ac_768x1024.jpeg', 'https://img.iproperty.com.my/my-iproperty/premium/256x100000-fit/w-rxlt4655b415-c8d0-4f58-bb59-100e4ce98e80_1024x768.jpeg', 'https://img.iproperty.com.my/my-iproperty/premium/256x100000-fit/w-ck4ybeae9238-ece0-4d37-8412-9279dd37757e_768x1024.jpeg', 'https://img.iproperty.com.my/my-iproperty/premium/256x100000-fit/w-1ix8fe99e4df-a0af-4b62-b09f-0187167fdc55_1024x768.jpeg', 'https://img.iproperty.com.my/my-iproperty/premium/256x100000-fit/w-egk2d83b8d58-7e46-4841-9f83-4ad06364ad3c_1024x768.jpeg'}"
Sunway Spk,2200000,Sunway Spk, Kuala Lumpur,5,"Sunway Spk , Bandar Menjalara , Desa ParkCity, Sunway Spk, Kuala Lumpur",Freehold,Unfurnished,2800,"['Air Conditioner', 'Kitchen Cabinet', 'Playground', '24-Hour Security']",4,,2.5-sty Terrace/Link House,785.71,"{'https://img.iproperty.com.my/my-iproperty/premium/256x100000-fit/w-35sv69f46098-10e8-46fd-a658-6b3194b1db69_1280x958.jpeg', 'https://img.iproperty.com.my/my-iproperty/premium/256x100000-fit/w-6t3s7c78eae0-16b3-48db-a8d0-0777fa61dd3a_1280x958.jpeg', 'https://img.iproperty.com.my/my-iproperty/premium/256x100000-fit/w-5kdy58666f3d-cc64-446b-ac0f-7eecb0852f28_1280x958.jpeg', 'https://img.iproperty.com.my/my-iproperty/premium/256x100000-fit/w-23m1eb919aca-77cd-4831-ac0a-4f2187861b5f_600x450.jpeg', 'https://img.iproperty.com.my/my-iproperty/premium/256x100000-fit/w-3d9le6d23556-829a-4537-9b06-6512947c0d65_1280x958.jpeg', 'https://img.iproperty.com.my/my-iproperty/premium/256x100000-fit/w-aq8zac350bb6-2438-475b-889a-38d47b10626a_1280x958.jpeg', 'https://img.iproperty.com.my/my-iproperty/premium/256x100000-fit/w-wl8ida44db6f-faec-4205-891a-825529336929_1280x958.jpeg', 'https://img.iproperty.com.my/my-iproperty/premium/256x100000-fit/w-64nq32d9c1fa-4487-47ab-b7fd-e7f2775ae919_1280x958.jpeg'}"
"Sierramas, Sungai Buloh",1899999,Sungai Buloh, Selangor,5,"Sierramas, Sierramas Kepong, Sierramas, Selangor",Freehold,Unfurnished,3000,[],4,4.0,2.5-sty Terrace/Link House,633.33,"{'https://img.iproperty.com.my/my-iproperty/premium/256x100000-fit/w-cqh5613427b1-1ee1-4ded-917d-d933ff8440ec_1153x865.jpeg', 'https://img.iproperty.com.my/my-iproperty/premium/256x100000-fit/w-4vn4e97bbb68-adb5-4414-aa94-6dd389196c20_1153x865.jpeg', 'https://img.iproperty.com.my/my-iproperty/premium/256x100000-fit/w-f33cffac8b4c-0c9a-4a25-8e46-5f4f3624d33d_1153x865.jpeg', 'https://img.iproperty.com.my/my-iproperty/premium/256x100000-fit/w-2uwzd48321e0-df53-4700-9ce7-3597218cdd6b_1153x865.jpeg', 'https://img.iproperty.com.my/my-iproperty/premium/256x100000-fit/w-mogde105df36-667e-44d2-be99-e8d8d7dfa84d_1153x865.jpeg', 'https://img.iproperty.com.my/my-iproperty/premium/256x100000-fit/w-qizjad320d13-83a3-4f9e-bdc2-50bc5aaf9189_1153x865.jpeg', 'https://img.iproperty.com.my/my-iproperty/premium/256x100000-fit/w-n9qp994f1d44-f3c3-4ac9-9304-4a0809dc2a8b_866x1154.jpeg'}"
"Puncak Jalil, Seri Kembangan",1388000,Seri Kembangan, Selangor,5,"Marque jalil, Jalan puj 4/1, Puncak Jalil, 43300, Selangor",Leasehold,Unfurnished,2574,"['Parking', 'Jogging Track', 'Playground']",5,,2.5-sty Terrace/Link House,539.24,"{'https://img.iproperty.com.my/my-iproperty/premium/256x100000-fit/w-pg4u3f60966a-9025-4156-a9c1-9a09de60b2c8_866x1154.jpeg', 'https://img.iproperty.com.my/my-iproperty/premium/256x100000-fit/w-f6b7a8f2bd8e-d458-46df-8c97-0c79a02ead71_866x1154.jpeg', 'https://img.iproperty.com.my/my-iproperty/premium/256x100000-fit/w-0eis88023bb3-937c-4ba6-b50b-2bfcf91eaa92_866x1154.jpeg', 'https://img.iproperty.com.my/my-iproperty/premium/256x100000-fit/w-lzk8cb1c4c23-b09a-4bb5-9ffe-aac79caaa247_1153x865.jpeg', 'https://img.iproperty.com.my/my-iproperty/premium/256x100000-fit/w-dr9z00e69b3b-3224-4e3e-a1ff-483ff3c7d55e_866x1154.jpeg', 'https://img.iproperty.com.my/my-iproperty/premium/256x100000-fit/w-5x3475821081-db21-49b3-9813-01d8d34dde3b_866x1154.jpeg', 'https://img.iproperty.com.my/my-iproperty/premium/256x100000-fit/w-c7x2798fae04-2821-4428-a352-1c6eac50dae9_866x1154.jpeg', 'https://img.iproperty.com.my/my-iproperty/premium/256x100000-fit/w-woave28274f0-c8e1-4657-bbc7-61e219fe11c9_866x1154.jpeg', 'https://img.iproperty.com.my/my-iproperty/premium/256x100000-fit/w-2esff3157984-d647-467a-bec6-4b65af3c572f_866x1154.jpeg', 'https://img.iproperty.com.my/my-iproperty/premium/256x100000-fit/w-ank4eb930491-6138-4253-b009-ef73e868f5d7_1153x865.jpeg', 'https://img.iproperty.com.my/my-iproperty/premium/256x100000-fit/w-928vead7a361-1143-4820-9bf5-0eb98ff3fb33_1153x865.jpeg', 'https://img.iproperty.com.my/my-iproperty/premium/256x100000-fit/w-wb9fcdc859d2-e206-40ea-bcaf-63aa50fe52fe_1153x865.jpeg', 'https://img.iproperty.com.my/my-iproperty/premium/256x100000-fit/w-omf4996aa182-d7e3-4201-b8d1-1abae0481c19_866x1154.jpeg', 'https://img.iproperty.com.my/my-iproperty/premium/256x100000-fit/w-mq9zec3824f2-2e71-4bc7-913a-54a8c6ad7906_866x1154.jpeg', 'https://img.iproperty.com.my/my-iproperty/premium/256x100000-fit/w-5loc535e144b-1442-411d-9660-5453c5ddb632_1153x865.jpeg', 'https://img.iproperty.com.my/my-iproperty/premium/256x100000-fit/w-e60kb33fd5c7-91b6-4d3e-9922-5d389c1fb5ca_866x1154.jpeg', 'https://img.iproperty.com.my/my-iproperty/premium/256x100000-fit/w-fyzr53d4198c-9125-42d4-be74-471f525de647_1153x865.jpeg', 'https://img.iproperty.com.my/my-iproperty/premium/256x100000-fit/w-pxdlf09308c8-7345-4b56-b6f2-d795a6f97793_866x1154.jpeg', 'https://img.iproperty.com.my/my-iproperty/premium/256x100000-fit/w-rmx908dfa79c-f543-4627-b61f-5d0628c902cb_1153x865.jpeg', 'https://img.iproperty.com.my/my-iproperty/premium/256x100000-fit/w-vx94bca14b4b-6021-4040-9b25-e4bf8983bfd6_1153x865.jpeg'}"
"Bandar Mahkota Cheras, Cheras",900000,Cheras, Selangor,5,"Bandar Mahkota Cheras, Bandar Mahkota Cheras, Selangor",Freehold,Unfurnished,2500,[],4,,2.5-sty Terrace/Link House,360.0,"{'https://img.iproperty.com.my/my-iproperty/premium/256x100000-fit/w-fr2j919b637e-15f2-4f7a-99f8-1b44c4291a2b_1153x865.png', 'https://img.iproperty.com.my/my-iproperty/premium/256x100000-fit/w-1cmy84bf05e5-9e1e-43c6-a2b1-893f5500906a_1153x865.png', 'https://img.iproperty.com.my/my-iproperty/premium/256x100000-fit/w-84bead4ff105-1b12-4f93-9f26-08ccdc562c7c_1153x865.png', 'https://img.iproperty.com.my/my-iproperty/premium/256x100000-fit/w-3ev1dc6dc935-df67-48d7-80ce-ac9b12d42b17_1153x865.png', 'https://img.iproperty.com.my/my-iproperty/premium/256x100000-fit/w-z8r9f9026e43-1c18-4d5a-85b2-f180ea31d253_1153x865.png', 'https://img.iproperty.com.my/my-iproperty/premium/256x100000-fit/w-jmohb1d81447-a617-4774-b2a8-b34b0f762af7_1153x865.png', 'https://img.iproperty.com.my/my-iproperty/premium/256x100000-fit/w-y3b54130914e-fc79-4bf0-9544-c29033c0296e_1153x865.png', 'https://img.iproperty.com.my/my-iproperty/premium/256x100000-fit/w-zma832e647bc-6703-4f18-8d2f-c03d8a19f06a_1153x865.png', 'https://img.iproperty.com.my/my-iproperty/premium/256x100000-fit/w-huv361a4d358-12c4-409c-a832-91835f2d663d_1153x865.png', 'https://img.iproperty.com.my/my-iproperty/premium/256x100000-fit/w-ug374c19a7b2-dc0e-47f2-8ff1-d27ba6508b51_1153x865.png', 'https://img.iproperty.com.my/my-iproperty/premium/256x100000-fit/w-2hxr65074dce-a34c-41ce-bc72-41ffad3a453f_1153x865.png', 'https://img.iproperty.com.my/my-iproperty/premium/256x100000-fit/w-vyxk640a5ae4-3e2d-4194-a675-c56b128fb6c3_1153x865.png', 'https://img.iproperty.com.my/my-iproperty/premium/256x100000-fit/w-dl08992e6833-0fac-4d12-926e-30defb0256ea_1153x865.png', 'https://img.iproperty.com.my/my-iproperty/premium/256x100000-fit/w-e01dcf9ea036-4960-42c4-a5f0-b653dcdb42af_1153x865.png', 'https://img.iproperty.com.my/my-iproperty/premium/256x100000-fit/w-eyhte374cb14-dfd2-4c90-aaab-0cb9d2f56e95_1153x865.png', 'https://img.iproperty.com.my/my-iproperty/premium/256x100000-fit/w-dqu887fa28e3-0129-47b6-882b-82b8aba1e94e_1153x865.png'}"
"E'dlot Setia Utama, Setia Alam",1080000,Setia Alam, Selangor,5,"JALAN SETIA UTAMA U13/37, E'dlot Setia Utama, 40170, Selangor",Freehold,Unfurnished,2550,"['Garden', 'Jogging Track', 'Playground', 'Retail Stores', '24-Hour Security']",5,4.0,2.5-sty Terrace/Link House,423.53,"{'https://img.iproperty.com.my/my-iproperty/premium/256x100000-fit/w-5f69a6d4774d-61bf-41dd-9078-83308b6668ff_1154x865.jpeg', 'https://img.iproperty.com.my/my-iproperty/premium/256x100000-fit/w-i8og726aeedb-9138-4a32-b6ea-99280d7b6b00_1153x866.jpeg', 'https://img.iproperty.com.my/my-iproperty/premium/256x100000-fit/w-sz2m1e20266d-1d6c-44ff-82a1-fad5707260c1_1154x865.jpeg', 'https://img.iproperty.com.my/my-iproperty/premium/256x100000-fit/w-h17j1008bad0-de1e-411e-ab4b-56ec03038ece_1154x865.jpeg', 'https://img.iproperty.com.my/my-iproperty/premium/256x100000-fit/w-swz4e49dfe96-da36-4b50-a989-75ec34430bcb_866x1154.jpeg', 'https://img.iproperty.com.my/my-iproperty/premium/256x100000-fit/w-9fdk7d752668-a13f-46a7-b559-1885d407f225_866x1154.jpeg', 'https://img.iproperty.com.my/my-iproperty/premium/256x100000-fit/w-h0fz24a9e9f4-aadc-41be-8c15-85df812ee9ba_866x1152.jpeg', 'https://img.iproperty.com.my/my-iproperty/premium/256x100000-fit/w-jy2lb0ef9b7a-81e7-41d7-9d8e-896c31bef6ff_1153x866.jpeg', 'https://img.iproperty.com.my/my-iproperty/premium/256x100000-fit/w-767v35b35698-20bb-4307-b299-aeac2b83482e_1154x865.jpeg', 'https://img.iproperty.com.my/my-iproperty/premium/256x100000-fit/w-tgr38c0c7f8b-ac34-422f-9cd3-5035306840e5_1154x865.jpeg', 'https://img.iproperty.com.my/my-iproperty/premium/256x100000-fit/w-azxxb843ae56-9478-4170-a1d3-0982f9af8961_1154x865.jpeg', 'https://img.iproperty.com.my/my-iproperty/premium/256x100000-fit/w-hfk1d2d82f09-1910-4446-8c8d-910f559af356_866x1152.jpeg', 'https://img.iproperty.com.my/my-iproperty/premium/256x100000-fit/w-dzja7adf18cf-d2f9-47f6-88da-e44c3e6178d3_1154x865.jpeg', 'https://img.iproperty.com.my/my-iproperty/premium/256x100000-fit/w-g7v11ff4e48d-47d7-4f50-8f96-609ca4f232f2_1154x865.jpeg', 'https://img.iproperty.com.my/my-iproperty/premium/256x100000-fit/w-8uptdd9e182a-a70d-4404-91e3-e8fd583786aa_866x1152.jpeg', 'https://img.iproperty.com.my/my-iproperty/premium/256x100000-fit/w-xmk26de6772d-9b58-49e5-b2eb-e192b83c1135_866x1154.jpeg', 'https://img.iproperty.com.my/my-iproperty/premium/256x100000-fit/w-vifa1bc2d003-a898-417f-ba50-15d14a940b46_1153x866.jpeg', 'https://img.iproperty.com.my/my-iproperty/premium/256x100000-fit/w-dgcyfb7537a2-ca02-426f-af88-387857b4acff_1153x866.jpeg', 'https://img.iproperty.com.my/my-iproperty/premium/256x100000-fit/w-wsudc3d021aa-de2a-4fb3-bab0-c92b574a39e1_866x1152.jpeg', 'https://img.iproperty.com.my/my-iproperty/premium/256x100000-fit/w-5fc939a5fcac-4d6f-4731-b8ac-fb0394810ef5_866x1152.jpeg', 'https://img.iproperty.com.my/my-iproperty/premium/256x100000-fit/w-bweud2bcc0de-a739-4157-af0f-d92bae451028_1153x866.jpeg', 'https://img.iproperty.com.my/my-iproperty/premium/256x100000-fit/w-vw1ccd95a55d-ac00-41ea-8006-f59a079a6712_866x1152.jpeg', 'https://img.iproperty.com.my/my-iproperty/premium/256x100000-fit/w-lz8v0343b506-4d91-4609-aa3b-62f6467109a7_866x1152.jpeg', 'https://img.iproperty.com.my/my-iproperty/premium/256x100000-fit/w-u6q8a1b75065-1803-4e6e-91b9-f68503be9579_866x1154.jpeg', 'https://img.iproperty.com.my/my-iproperty/premium/256x100000-fit/w-s3c5fb910b0b-09bb-4d0a-8f39-ce70254b41fe_866x1154.jpeg', 'https://img.iproperty.com.my/my-iproperty/premium/256x100000-fit/w-73are57a709c-3829-403b-96dd-6d330f408b6f_1154x865.jpeg', 'https://img.iproperty.com.my/my-iproperty/premium/256x100000-fit/w-hqsidf31ec32-a10e-48d9-8bce-74bc38eceb66_1154x865.jpeg', 'https://img.iproperty.com.my/my-iproperty/premium/256x100000-fit/w-3camebc3015e-768b-4ce0-9b98-ed5519de3109_1153x866.jpeg', 'https://img.iproperty.com.my/my-iproperty/premium/256x100000-fit/w-lp6481a8d0d5-758a-485e-94c1-09aa0cdebf62_866x1154.jpeg', 'https://img.iproperty.com.my/my-iproperty/premium/256x100000-fit/w-6dn9ecc4365f-bec8-4348-99f3-b09f2ed4b572_866x1154.jpeg', 'https://img.iproperty.com.my/my-iproperty/premium/256x100000-fit/w-d3yvb4bd59a3-b62e-4ca4-8e7f-228f91cdf032_1154x865.jpeg', 'https://img.iproperty.com.my/my-iproperty/premium/256x100000-fit/w-3m2937a7928a-2181-46ea-b307-c7cc5b04ddac_1154x865.jpeg'}"
"Taman Bukit Serdang, Seri Kembangan, Selangor, Seri Kembangan",1020000,Seri Kembangan, Selangor,6,"Taman Bukit Serdang, Seri Kembangan, Selangor, BS 13, Taman Bukit Serdang, Seri Kembangan, Selangor, 43300, Selangor",Freehold,Unfurnished,2500,"['Balcony', '24-Hour Security', 'Playground']",4,4.0,2.5-sty Terrace/Link House,408.0,"{'https://img.iproperty.com.my/my-iproperty/premium/256x100000-fit/w-uab2e9751d88-54fd-4f6c-8cf4-65d58abddcc2_4032x3024.jpeg', 'https://img.iproperty.com.my/my-iproperty/premium/256x100000-fit/w-v8x6a5efe631-4192-404c-a6d9-a2c326ec73af_4032x3024.jpeg', 'https://img.iproperty.com.my/my-iproperty/premium/256x100000-fit/w-2c7c690fae74-b261-4239-b58e-194e7580fa12_4032x3024.jpeg', 'https://img.iproperty.com.my/my-iproperty/premium/256x100000-fit/w-cnmtcc8d47f5-71d5-43c2-b220-93a9a7356c1b_3024x4032.jpeg', 'https://img.iproperty.com.my/my-iproperty/premium/256x100000-fit/w-0nqh5452e409-069a-4340-8965-e931080e2273_4032x3024.jpeg'}"
"Bandar Menjalara, Sunway Spk",2300000,Sunway Spk, Kuala Lumpur,5,"Bandar Menjalara, 52200, Kuala Lumpur",Freehold,Unfurnished,2800,"['Kitchen Cabinet', 'Balcony', 'Air Conditioner', 'Parking', 'Playground']",5,2.0,2.5-sty Terrace/Link House,821.43,"{'https://img.iproperty.com.my/my-iproperty/premium/256x100000-fit/w-1clw6d7e4724-98cd-4159-998e-ddadae31476f_1280x960.jpeg', 'https://img.iproperty.com.my/my-iproperty/premium/256x100000-fit/w-rd261434c3d9-97f4-447b-b189-5cbef2e4e296_1280x960.jpeg', 'https://img.iproperty.com.my/my-iproperty/premium/256x100000-fit/w-5j1z91ac1781-f19a-4374-ae94-db63956730f5_960x1280.jpeg', 'https://img.iproperty.com.my/my-iproperty/premium/256x100000-fit/w-uzpcf7323195-d71d-4b1b-9c84-bb4736cd79f8_1280x960.jpeg', 'https://img.iproperty.com.my/my-iproperty/premium/256x100000-fit/w-8gns699e1a40-1ebb-470e-9dc7-18a628f8b6b4_960x1280.jpeg', 'https://img.iproperty.com.my/my-iproperty/premium/256x100000-fit/w-muvz6e52ab1a-1919-4ddb-bd7b-d028e83bacda_1280x960.jpeg', 'https://img.iproperty.com.my/my-iproperty/premium/256x100000-fit/w-vbwoa5801a38-8819-4f37-a7f4-a21455d084e4_960x1280.jpeg', 'https://img.iproperty.com.my/my-iproperty/premium/256x100000-fit/w-h769e7277dbf-c443-4341-80e6-5c295a7dee30_960x1280.jpeg', 'https://img.iproperty.com.my/my-iproperty/premium/256x100000-fit/w-ujen97a11775-d2b5-4b7d-9130-a4db902cae1c_960x1280.jpeg', 'https://img.iproperty.com.my/my-iproperty/premium/256x100000-fit/w-76bfb22a2286-11a2-4bf8-bb46-d3c68ed78806_1280x960.jpeg', 'https://img.iproperty.com.my/my-iproperty/premium/256x100000-fit/w-ihi5f18bcd50-1df6-483b-9dfe-7c5abd0bbc18_960x1280.jpeg', 'https://img.iproperty.com.my/my-iproperty/premium/256x100000-fit/w-vth78fa6707d-d73f-4a0a-b0d7-7827fe1fe999_960x1280.jpeg', 'https://img.iproperty.com.my/my-iproperty/premium/256x100000-fit/w-396p5e70031d-15fe-47ff-a484-5eaa72da0d8b_1280x960.jpeg', 'https://img.iproperty.com.my/my-iproperty/premium/256x100000-fit/w-8qf9826cbb05-fb17-4f38-a19d-79a6b17f8b90_960x1280.jpeg', 'https://img.iproperty.com.my/my-iproperty/premium/256x100000-fit/w-f20y55fd70b0-3ae5-43f8-9ae6-def0d607d500_1280x960.jpeg', 'https://img.iproperty.com.my/my-iproperty/premium/256x100000-fit/w-6w41309aec1d-a9bb-4fdc-bdaf-d6e27d7de749_1280x960.jpeg', 'https://img.iproperty.com.my/my-iproperty/premium/256x100000-fit/w-f11xe738262e-0a56-415f-8211-7de6d85fc87d_1280x960.jpeg'}"
"Serene Mont Kiara, Mont Kiara",2980000,Mont Kiara, Kuala Lumpur,6,"Jalan Laman Kiara, Serene Mont Kiara, 50480, Kuala Lumpur",Malay Reserved Land,Unfurnished,3239,[],6,2.0,2.5-sty Terrace/Link House,920.04,"{'https://img.iproperty.com.my/my-iproperty/premium/256x100000-fit/w-ipl87ebec9fe-c412-4411-a2df-9645d842dff6_1153x865.png', 'https://img.iproperty.com.my/my-iproperty/premium/256x100000-fit/w-37f6019dbe67-8ecd-4c8c-b473-805bd061cd46_1153x865.png', 'https://img.iproperty.com.my/my-iproperty/premium/256x100000-fit/w-0l003b0e94d7-8b24-4ee6-a96e-5be4a39bf0fa_866x1154.png', 'https://img.iproperty.com.my/my-iproperty/premium/256x100000-fit/w-rjurf039aa11-60e5-4923-97b0-a1b4f84c4396_1153x865.png', 'https://img.iproperty.com.my/my-iproperty/premium/256x100000-fit/w-op86476e2bf3-a3d4-438f-a163-bf6c245b67d9_1153x865.png', 'https://img.iproperty.com.my/my-iproperty/premium/256x100000-fit/w-eg0ud254c4b6-40f8-459a-b639-b93667320eaf_1153x865.png', 'https://img.iproperty.com.my/my-iproperty/premium/256x100000-fit/w-uiz46752ccd2-2521-431b-8622-e25098d8e1f7_1153x865.png', 'https://img.iproperty.com.my/my-iproperty/premium/256x100000-fit/w-dzgnedf72ab6-bb32-4769-8f97-322226e9e0a3_1153x865.png', 'https://img.iproperty.com.my/my-iproperty/premium/256x100000-fit/w-vogkb94fc7e7-e13c-484d-a552-11948b92ade9_1153x865.png', 'https://img.iproperty.com.my/my-iproperty/premium/256x100000-fit/w-9q8h3fd2f2e6-67c7-4b80-8a71-baf0164c693f_1153x865.png', 'https://img.iproperty.com.my/my-iproperty/premium/256x100000-fit/w-rtts1867d5d4-d9e8-4b5b-a1af-730447e1e22f_1153x865.png', 'https://img.iproperty.com.my/my-iproperty/premium/256x100000-fit/w-cbrw644c1c03-4d05-47db-8e7e-e2fa6bbd8620_1153x865.png', 'https://img.iproperty.com.my/my-iproperty/premium/256x100000-fit/w-r90455e1bf66-03e0-462f-bde0-aab0bed1d531_1153x865.png', 'https://img.iproperty.com.my/my-iproperty/premium/256x100000-fit/w-vziba1040c94-77fb-4c6e-8ec0-082c0957247c_1153x865.png', 'https://img.iproperty.com.my/my-iproperty/premium/256x100000-fit/w-idrke1d71702-d210-4830-865c-0a3b750e9e22_866x1154.png', 'https://img.iproperty.com.my/my-iproperty/premium/256x100000-fit/w-np61cba90864-b877-4154-901e-a6c65532a606_866x1154.png', 'https://img.iproperty.com.my/my-iproperty/premium/256x100000-fit/w-zzng33b9efbe-512b-4d1e-b684-47381b825c7c_1153x865.png', 'https://img.iproperty.com.my/my-iproperty/premium/256x100000-fit/w-zz1xc960d692-c7b8-4a8f-aacc-6359bfeef7fc_1153x865.png', 'https://img.iproperty.com.my/my-iproperty/premium/256x100000-fit/w-xq9if6a709dc-1597-4cb6-9977-a1dba9cccfe9_1153x865.png', 'https://img.iproperty.com.my/my-iproperty/premium/256x100000-fit/w-xhg915477e46-1383-49df-8297-291fc5ed20a5_1153x865.png', 'https://img.iproperty.com.my/my-iproperty/premium/256x100000-fit/w-1i152fecd753-1bfe-4eec-8418-eb37edfa34fc_1153x865.png', 'https://img.iproperty.com.my/my-iproperty/premium/256x100000-fit/w-awko28f5185d-7b6c-4423-8780-65a93adb16e4_1153x865.png', 'https://img.iproperty.com.my/my-iproperty/premium/256x100000-fit/w-a0hgbb7aef37-d301-44ef-aa4d-8e2568d02c2a_1153x865.png', 'https://img.iproperty.com.my/my-iproperty/premium/256x100000-fit/w-vrt5619b6501-0211-4514-bcbe-ac35385c81a1_1153x865.png', 'https://img.iproperty.com.my/my-iproperty/premium/256x100000-fit/w-cz7z5d600006-35cd-468d-8bcb-a825e014ad54_866x1154.png', 'https://img.iproperty.com.my/my-iproperty/premium/256x100000-fit/w-tzsk69bc4d3c-6255-4a85-add7-d398f2dcd408_1153x865.png'}"
Putrajaya,969000,Putrajaya, Putrajaya,5,"Presint 18, 62200, Putrajaya",Freehold,Unfurnished,2500,[],4,3.0,2.5-sty Terrace/Link House,387.6,"{'https://img.iproperty.com.my/my-iproperty/premium/256x100000-fit/w-bvcmd3a57b73-ed1e-4ea0-bc04-16d4954d4ecd_1280x960.jpeg', 'https://img.iproperty.com.my/my-iproperty/premium/256x100000-fit/w-7yo1c381b8be-fbe7-44bb-9f11-9404771fd8af_960x1280.jpeg', 'https://img.iproperty.com.my/my-iproperty/premium/256x100000-fit/w-p7cz72594ad3-ed6d-4ba4-8b31-01513aff3b86_960x1280.jpeg', 'https://img.iproperty.com.my/my-iproperty/premium/256x100000-fit/w-42zi6515466e-1ff4-4e44-bdd5-47c8fac84d27_960x1280.jpeg', 'https://img.iproperty.com.my/my-iproperty/premium/256x100000-fit/w-sr2w99dfe7a4-b0b8-4ec5-b8c8-efca2b61fbfd_1280x960.jpeg', 'https://img.iproperty.com.my/my-iproperty/premium/256x100000-fit/w-wg03433f596f-709d-4c78-826a-dd0b51b6fc46_960x1280.jpeg', 'https://img.iproperty.com.my/my-iproperty/premium/256x100000-fit/w-4axo99124267-f8ec-4011-b917-80dcbe8c026c_960x1280.jpeg', 'https://img.iproperty.com.my/my-iproperty/premium/256x100000-fit/w-zxp9fb6853c7-c695-4e10-b605-1cd35b992c7f_960x1280.jpeg', 'https://img.iproperty.com.my/my-iproperty/premium/256x100000-fit/w-5up185e9a7b0-6b39-4532-94e7-e6f164d682e4_960x1280.jpeg', 'https://img.iproperty.com.my/my-iproperty/premium/256x100000-fit/w-kowa7fada6e2-6062-4a3e-af7b-0cd703a47d29_960x1280.jpeg', 'https://img.iproperty.com.my/my-iproperty/premium/256x100000-fit/w-cvju833aac8f-27ad-4a8e-aa1a-1c5755bffde1_1280x960.jpeg', 'https://img.iproperty.com.my/my-iproperty/premium/256x100000-fit/w-bd9g5d4f610c-2fbf-464a-9a7e-75eb2cc45da8_960x1280.jpeg', 'https://img.iproperty.com.my/my-iproperty/premium/256x100000-fit/w-5347a0926c5c-b9e3-4f8b-9dd3-d6f2319ed1fb_960x1280.jpeg', 'https://img.iproperty.com.my/my-iproperty/premium/256x100000-fit/w-473p2b74a132-cced-4f50-a0cd-9f04ef43f1e8_960x1280.jpeg', 'https://img.iproperty.com.my/my-iproperty/premium/256x100000-fit/w-h8fsbf66adc9-813f-4044-827f-b333de269433_960x1280.jpeg', 'https://img.iproperty.com.my/my-iproperty/premium/256x100000-fit/w-85u0249818cc-018b-42e4-9fe4-65193f7553c6_960x1280.jpeg', 'https://img.iproperty.com.my/my-iproperty/premium/256x100000-fit/w-69yg5d380635-6bca-4cff-bfd3-86d9dfd48763_960x1280.jpeg', 'https://img.iproperty.com.my/my-iproperty/premium/256x100000-fit/w-ik8g4652aa36-2994-40e9-b52c-3fca04d9c1b9_960x1280.jpeg', 'https://img.iproperty.com.my/my-iproperty/premium/256x100000-fit/w-yccqbf02c183-86f0-4686-95e1-b80a956b161e_960x1280.jpeg', 'https://img.iproperty.com.my/my-iproperty/premium/256x100000-fit/w-uyoxa94762ec-7280-4e8e-ac50-2740fd195e80_1280x960.jpeg'}"
Putrajaya,900000,Putrajaya, Putrajaya,5,"New Hampshire, Presint 18, 62150, Putrajaya",Freehold,Unfurnished,2500,"['Kitchen Cabinet', 'Balcony', 'Air Conditioner', 'Garden', 'Parking', 'Jogging Track', 'Playground', 'Business Centre', 'Gym', 'Retail Stores', '24-Hour Security', 'Nursery', 'Badminton Court', 'Basketball Court']",4,2.0,2.5-sty Terrace/Link House,360.0,"{'https://img.iproperty.com.my/my-iproperty/premium/256x100000-fit/w-1b5y08b25604-ddc3-4bdd-b622-736b9cbbc3b4_1000x750.jpeg', 'https://img.iproperty.com.my/my-iproperty/premium/256x100000-fit/w-20z8dfc24420-5d7d-47d8-b870-87c1acee12f9_1000x750.jpeg', 'https://img.iproperty.com.my/my-iproperty/premium/256x100000-fit/w-xbnr0d1e1a59-d940-4751-bfc5-de1ff9e623c9_1000x750.jpeg', 'https://img.iproperty.com.my/my-iproperty/premium/256x100000-fit/w-31xw720ceb2f-276e-4f35-9051-6267f046f149_1000x750.jpeg', 'https://img.iproperty.com.my/my-iproperty/premium/256x100000-fit/w-poch219d8521-beb5-48bf-b3f7-fac7b69a59d9_1000x750.jpeg', 'https://img.iproperty.com.my/my-iproperty/premium/256x100000-fit/w-yyol576ec12d-e029-495c-b542-1be0301bf3ff_1000x750.jpeg', 'https://img.iproperty.com.my/my-iproperty/premium/256x100000-fit/w-f55p05a546ec-424a-44dd-8997-12337d6e9c37_1000x750.jpeg', 'https://img.iproperty.com.my/my-iproperty/premium/256x100000-fit/w-612209afd29d-c7b7-435e-91e2-bb1d0c7d7066_1000x750.jpeg', 'https://img.iproperty.com.my/my-iproperty/premium/256x100000-fit/w-qe9pf06684e2-34cb-4e5c-abb0-5b8bb9da94a8_1000x750.jpeg', 'https://img.iproperty.com.my/my-iproperty/premium/256x100000-fit/w-aka842f88aa8-bd1c-4841-a3c3-1aeafa2362c4_1000x750.jpeg', 'https://img.iproperty.com.my/my-iproperty/premium/256x100000-fit/w-bp6l02d28513-5fc8-4f75-a3fb-5547b6315191_1000x750.jpeg', 'https://img.iproperty.com.my/my-iproperty/premium/256x100000-fit/w-9w5x79588999-f932-4dfe-a461-288c2276a81c_1000x750.jpeg', 'https://img.iproperty.com.my/my-iproperty/premium/256x100000-fit/w-thyl58b8624a-a525-47f2-b6dd-d028176eee65_1000x750.jpeg', 'https://img.iproperty.com.my/my-iproperty/premium/256x100000-fit/w-9t838819f7f2-0d91-470e-8f3d-664d668ec934_1000x750.jpeg', 'https://img.iproperty.com.my/my-iproperty/premium/256x100000-fit/w-oqwce1f87b47-9565-4256-ba55-7c759860fc72_2560x1920.jpeg', 'https://img.iproperty.com.my/my-iproperty/premium/256x100000-fit/w-ew1ld743b834-d8a2-4a42-99fa-95bc236bdef0_1000x750.jpeg', 'https://img.iproperty.com.my/my-iproperty/premium/256x100000-fit/w-2xj7cdfe1a44-4d51-4a02-9aff-49e98cf78217_1000x750.jpeg', 'https://img.iproperty.com.my/my-iproperty/premium/256x100000-fit/w-xzojb57b89a4-0208-4d83-a514-c69269e445e5_1600x900.jpeg', 'https://img.iproperty.com.my/my-iproperty/premium/256x100000-fit/w-9u8t3621418d-397a-4bc8-af32-14ddd0d1d1aa_960x720.jpeg', 'https://img.iproperty.com.my/my-iproperty/premium/256x100000-fit/w-9iqfb4ab55b8-d08e-45aa-a019-2fc4483e7fbc_1000x750.jpeg', 'https://img.iproperty.com.my/my-iproperty/premium/256x100000-fit/w-8s7r686b62ae-2546-47cc-b610-35fc252ba2b8_1008x756.jpeg', 'https://img.iproperty.com.my/my-iproperty/premium/256x100000-fit/w-ar6r1aab2b16-d750-4bce-a122-ba1363a95a4a_1080x1080.png', 'https://img.iproperty.com.my/my-iproperty/premium/256x100000-fit/w-bnse70cb7e25-71a5-4eff-8147-1e40f3e0579e_4128x2322.jpeg', 'https://img.iproperty.com.my/my-iproperty/premium/256x100000-fit/w-s86093f3ba83-2495-4e92-9713-c97d513121de_1000x750.jpeg', 'https://img.iproperty.com.my/my-iproperty/premium/256x100000-fit/w-20uc90e09b81-70d9-4275-944a-8088a8ed2f3e_1000x750.jpeg', 'https://img.iproperty.com.my/my-iproperty/premium/256x100000-fit/w-k0wpf76c053f-59b6-4f90-a7c7-8c8d874afdb6_1600x900.jpeg'}"
Sri Petaling,1460000,Sri Petaling, Kuala Lumpur,5,"Jalan Sri Petaling ?, 57000, Kuala Lumpur",Freehold,Unfurnished,2000,[],3,2.0,2.5-sty Terrace/Link House,730.0,"{'https://img.iproperty.com.my/my-iproperty/premium/256x100000-fit/w-qmcx23c6afd5-3efc-4189-81eb-43bf4b8b8e31_1332x749.jpeg', 'https://img.iproperty.com.my/my-iproperty/premium/256x100000-fit/w-0suxb95af736-e73a-40e5-b650-0197525af3ee_1332x749.jpeg', 'https://img.iproperty.com.my/my-iproperty/premium/256x100000-fit/w-puta15b4b02b-1986-4e30-9242-4938a0b26da8_560x1781.jpeg', 'https://img.iproperty.com.my/my-iproperty/premium/256x100000-fit/w-8ikj31c94046-7363-41f4-bcb6-1f53d915c7fc_750x1332.jpeg', 'https://img.iproperty.com.my/my-iproperty/premium/256x100000-fit/w-n53dcf557e56-5bc4-41f2-84d2-40c65f67d63a_750x1332.jpeg'}"
"Lorong Maarof Bangsar, Bangsar",3720000,Bangsar, Kuala Lumpur,6,"Lorong Maarof Bangsar, Lorong Maarof Bangsar, 59100, Kuala Lumpur",Freehold,Unfurnished,3700,"['Kitchen Cabinet', 'Air Conditioner', 'Garden', 'Bath Tub', 'Parking']",5,2.0,2.5-sty Terrace/Link House,1005.41,"{'https://img.iproperty.com.my/my-iproperty/premium/256x100000-fit/w-kmh5fc17700f-18e4-40ac-b181-8d1a134003fc_1280x854.jpeg', 'https://img.iproperty.com.my/my-iproperty/premium/256x100000-fit/w-gmhkffda8a9c-2f5a-448b-bd33-440fd748a4a0_1280x854.jpeg', 'https://img.iproperty.com.my/my-iproperty/premium/256x100000-fit/w-9jsjf2900cdc-ce78-4a12-9851-fd68561ba107_1280x854.jpeg', 'https://img.iproperty.com.my/my-iproperty/premium/256x100000-fit/w-nd7we5bba811-ae87-40d6-8479-f49558874176_1280x854.jpeg', 'https://img.iproperty.com.my/my-iproperty/premium/256x100000-fit/w-i0js293a2913-ea31-452e-90f3-bc2f809a7bfd_1280x854.jpeg', 'https://img.iproperty.com.my/my-iproperty/premium/256x100000-fit/w-f6daf425ecc4-2f07-44ad-814c-b52b99e50c0b_1280x854.jpeg', 'https://img.iproperty.com.my/my-iproperty/premium/256x100000-fit/w-40b31ad3cff2-2ba5-4037-95de-c5b1473c8861_1280x854.jpeg', 'https://img.iproperty.com.my/my-iproperty/premium/256x100000-fit/w-zdwya742e25c-1b52-45f5-ad2f-88bd5bf19fe6_1280x854.jpeg', 'https://img.iproperty.com.my/my-iproperty/premium/256x100000-fit/w-p8qtda63388f-2ab2-4101-8e3b-ce4fd7d4bbcd_1280x854.jpeg', 'https://img.iproperty.com.my/my-iproperty/premium/256x100000-fit/w-khqd7ef32cc9-ff1e-42d4-8ac8-9b7894359fbb_1280x854.jpeg', 'https://img.iproperty.com.my/my-iproperty/premium/256x100000-fit/w-78sma30e7d51-f2c7-4ef5-b7ce-5a2d5a56c64e_1280x854.jpeg', 'https://img.iproperty.com.my/my-iproperty/premium/256x100000-fit/w-vgv7a304d269-5577-46a4-8694-2a8f147f3980_1280x854.jpeg', 'https://img.iproperty.com.my/my-iproperty/premium/256x100000-fit/w-3udd58789ac1-6822-47af-b10f-0b10a551d149_1280x854.jpeg', 'https://img.iproperty.com.my/my-iproperty/premium/256x100000-fit/w-t38la6dff079-a393-4621-ab1d-e619e2944bb7_1280x854.jpeg', 'https://img.iproperty.com.my/my-iproperty/premium/256x100000-fit/w-nidd4afabbda-c08a-4d20-854d-c58a6907207a_1280x854.jpeg', 'https://img.iproperty.com.my/my-iproperty/premium/256x100000-fit/w-x5lb131c9b47-331e-4af5-92a6-612be0effbd3_1280x854.jpeg', 'https://img.iproperty.com.my/my-iproperty/premium/256x100000-fit/w-s0bqc8ebe7f4-88ed-4943-9555-f9de7a0bad24_1280x854.jpeg', 'https://img.iproperty.com.my/my-iproperty/premium/256x100000-fit/w-wzsa44d00dfd-a6fc-43e9-bbb0-d833aeaf6784_1280x854.jpeg', 'https://img.iproperty.com.my/my-iproperty/premium/256x100000-fit/w-8cfc220dcbb8-4b4e-46cc-ad30-dcfa25656f60_1280x854.jpeg', 'https://img.iproperty.com.my/my-iproperty/premium/256x100000-fit/w-w2xw11e4f65c-7e4f-4c1c-b453-760c2ebfffa8_1280x854.jpeg', 'https://img.iproperty.com.my/my-iproperty/premium/256x100000-fit/w-r34b26ccc242-173a-4c14-ab51-d2a0dcaa8a93_1280x854.jpeg'}"
"Bandar Utama 11, Bandar Utama",1468000,Bandar Utama, Selangor,5,"BU11, BU 11, Petaling Jaya, Bandar Utama 11, 47800, Selangor",Freehold,Unfurnished,2700,[],4,2.0,2.5-sty Terrace/Link House,543.7,"{'https://img.iproperty.com.my/my-iproperty/premium/256x100000-fit/w-bjz94353917d-4624-47ac-9eb7-9c0350c572c2_866x1154.jpeg', 'https://img.iproperty.com.my/my-iproperty/premium/256x100000-fit/w-209yb6a3db7c-13df-4847-9599-4676dac7d496_866x1154.jpeg', 'https://img.iproperty.com.my/my-iproperty/premium/256x100000-fit/w-9w6ee8132be9-d8a0-4b60-804a-ec277e0f49c9_1153x865.jpeg', 'https://img.iproperty.com.my/my-iproperty/premium/256x100000-fit/w-706k9de821f9-9181-47de-8a80-a71d5cdc9298_866x1154.jpeg', 'https://img.iproperty.com.my/my-iproperty/premium/256x100000-fit/w-gcod1af43c3e-5c46-4c97-9275-b018135477a2_866x1154.jpeg', 'https://img.iproperty.com.my/my-iproperty/premium/256x100000-fit/w-dkk6a3eeb218-25b9-48e6-9179-3705547d7bd1_866x1154.jpeg', 'https://img.iproperty.com.my/my-iproperty/premium/256x100000-fit/w-zxmz5f10911f-ad9d-493c-bed5-91ed73d1a137_1153x865.jpeg', 'https://img.iproperty.com.my/my-iproperty/premium/256x100000-fit/w-c239f90b4033-3cc8-4f89-9558-2c958cf28878_1153x865.jpeg', 'https://img.iproperty.com.my/my-iproperty/premium/256x100000-fit/w-0e9l01967b1b-27e6-4dce-80e3-6bdef66ed391_866x1154.jpeg', 'https://img.iproperty.com.my/my-iproperty/premium/256x100000-fit/w-oue44c0c755f-1c69-490d-95cd-159dedfa491e_866x1154.jpeg', 'https://img.iproperty.com.my/my-iproperty/premium/256x100000-fit/w-t0c21ae06185-242f-41bf-ae36-522926b29e8b_866x1154.jpeg', 'https://img.iproperty.com.my/my-iproperty/premium/256x100000-fit/w-uiv37558917b-e4df-474a-bf1f-f77724297d28_1153x865.jpeg'}"
"Bandar Utama 6, Bandar Utama",1780000,Bandar Utama, Selangor,5,"BU6, BU 6, Petaling Jaya, Bandar Utama 6, 47800, Selangor",Freehold,Unfurnished,3000,[],4,3.0,2.5-sty Terrace/Link House,593.33,"{'https://img.iproperty.com.my/my-iproperty/premium/256x100000-fit/w-ch2i3e0855ba-6129-49a1-9512-35c768a214e0_866x1154.png', 'https://img.iproperty.com.my/my-iproperty/premium/256x100000-fit/w-vqaod99a8fd3-ea4c-4165-98f7-1ce17447b01f_1016x982.png', 'https://img.iproperty.com.my/my-iproperty/premium/256x100000-fit/w-m7lub56db1a5-2d34-4833-a140-0441c1b8877f_1153x865.png', 'https://img.iproperty.com.my/my-iproperty/premium/256x100000-fit/w-m68f88845fae-f67c-4e75-b237-a08286f7216e_1153x865.png', 'https://img.iproperty.com.my/my-iproperty/premium/256x100000-fit/w-s4cg0394b189-9dc4-4c94-a11e-64fd9d3ba63a_866x1154.png', 'https://img.iproperty.com.my/my-iproperty/premium/256x100000-fit/w-glc79972a87c-1665-482a-9a2b-8002af20a79a_866x1154.png', 'https://img.iproperty.com.my/my-iproperty/premium/256x100000-fit/w-86excc433578-37bd-44a5-a3ac-974bf0670b5a_866x1154.png', 'https://img.iproperty.com.my/my-iproperty/premium/256x100000-fit/w-hrm02efc95ed-1aa1-468c-8d80-c7002f8b1874_1153x865.png', 'https://img.iproperty.com.my/my-iproperty/premium/256x100000-fit/w-gcr5dde05f70-f44d-43e3-8877-4256da1ba230_866x1154.png'}"
"Bandar Utama 6, Bandar Utama",1850000,Bandar Utama, Selangor,5,"BU6, BU 6, Bandar Utama 6, 47800, Selangor",Freehold,Unfurnished,3000,[],4,,2.5-sty Terrace/Link House,616.67,"{'https://img.iproperty.com.my/my-iproperty/premium/256x100000-fit/w-c9uwf380dc70-18af-4d49-9e0b-aecb5170838a_1153x865.png', 'https://img.iproperty.com.my/my-iproperty/premium/256x100000-fit/w-4lms4075c875-cc16-4e79-a7ee-6eaa15901666_1153x865.png', 'https://img.iproperty.com.my/my-iproperty/premium/256x100000-fit/w-qqi8825bb87f-6f89-4c1c-8f77-53a7720900ef_1153x865.png', 'https://img.iproperty.com.my/my-iproperty/premium/256x100000-fit/w-f3081744a9f2-250b-4b42-9528-12ce18726453_1153x865.png', 'https://img.iproperty.com.my/my-iproperty/premium/256x100000-fit/w-udyv824f0c51-e2be-46db-a5e2-97bde359b2ca_1153x865.png', 'https://img.iproperty.com.my/my-iproperty/premium/256x100000-fit/w-ksb6e6f733b5-c00e-4ff7-9bb1-07d947b1e7e7_1153x865.png', 'https://img.iproperty.com.my/my-iproperty/premium/256x100000-fit/w-uw1dcc03c7d8-b4c3-4028-8540-184066756b01_1153x865.png', 'https://img.iproperty.com.my/my-iproperty/premium/256x100000-fit/w-fa4p36c1b8d0-e59d-47c0-992c-6dbca1a91e8a_1153x865.png', 'https://img.iproperty.com.my/my-iproperty/premium/256x100000-fit/w-0n5s818cd784-cd6c-40aa-94d2-368b0cf62c4a_1153x865.png', 'https://img.iproperty.com.my/my-iproperty/premium/256x100000-fit/w-ubnaf7008740-dfb4-484b-9493-f3d0f04a90a6_1153x865.png', 'https://img.iproperty.com.my/my-iproperty/premium/256x100000-fit/w-vi06c5991c81-b678-4820-b8d6-1fbdae190524_1153x865.png', 'https://img.iproperty.com.my/my-iproperty/premium/256x100000-fit/w-xz52a58d3483-d07f-457a-946f-a7907bb34843_1153x865.png', 'https://img.iproperty.com.my/my-iproperty/premium/256x100000-fit/w-7y51a54415a5-da2e-4330-a5f5-6688f9d20ad1_1153x865.png'}"
"BU 10,bu10,Bandar Utama, Damansara, Petaling Jaya, Bandar Utama",1700000,Bandar Utama, Selangor,5,"Jalan BU 10/xx,BU10,close to BU1/BU 1,BU2/ BU 2, BU3/ BU 3, BU4/BU 4 , BU6/BU 6,BU7/BU 7, BU 10,bu10,Bandar Utama, Damansara, Petaling Jaya, Selangor",Freehold,Unfurnished,3000,[],4,2.0,2.5-sty Terrace/Link House,566.67,"{'https://img.iproperty.com.my/my-iproperty/premium/256x100000-fit/w-zmky7cce8598-1083-4d95-8ab8-351cc965b1f5_960x1280.jpeg', 'https://img.iproperty.com.my/my-iproperty/premium/256x100000-fit/w-ako7c0b65555-5db1-494b-9c1d-678f63bbd4fc_960x1280.jpeg', 'https://img.iproperty.com.my/my-iproperty/premium/256x100000-fit/w-lby0debc3b25-84f1-4dad-af0a-a6a380a04e79_960x1280.jpeg', 'https://img.iproperty.com.my/my-iproperty/premium/256x100000-fit/w-knqk3d322956-b465-40cc-bee6-b69a8366fc33_960x1280.jpeg', 'https://img.iproperty.com.my/my-iproperty/premium/256x100000-fit/w-qahq2a47cd77-5047-4388-8b0b-57eafa9742f4_960x1280.jpeg', 'https://img.iproperty.com.my/my-iproperty/premium/256x100000-fit/w-l1oofb62c139-4a16-4b16-a80f-f011596acf14_960x1280.jpeg', 'https://img.iproperty.com.my/my-iproperty/premium/256x100000-fit/w-bhy98af884f3-a46d-413d-9035-31e25b03ffef_1280x947.jpeg'}"
Putrajaya,900000,Putrajaya, Putrajaya,5,"Presint 18, 62000, Putrajaya",Freehold,Unfurnished,2500,[],4,,2.5-sty Terrace/Link House,360.0,"{'https://img.iproperty.com.my/my-iproperty/premium/256x100000-fit/w-bykt26f919c3-a765-426f-a185-dfc4c1c776f0_853x640.png', 'https://img.iproperty.com.my/my-iproperty/premium/256x100000-fit/w-qxur7aea3078-8adf-42ab-9d05-21387cf3d3a4_853x640.png', 'https://img.iproperty.com.my/my-iproperty/premium/256x100000-fit/w-lhx1b1a4c3b0-8490-4434-9748-9d8dbe93117f_853x640.png', 'https://img.iproperty.com.my/my-iproperty/premium/256x100000-fit/w-l9kdbf93aec2-5120-4ae6-ae42-5f5c8a4b12e4_853x640.png', 'https://img.iproperty.com.my/my-iproperty/premium/256x100000-fit/w-kyl8e15cf1b4-216f-4e66-8e6a-4e012e259abb_853x640.png', 'https://img.iproperty.com.my/my-iproperty/premium/256x100000-fit/w-ak6y1dd862ca-c103-4a65-967f-4c25e15c1f42_853x640.png', 'https://img.iproperty.com.my/my-iproperty/premium/256x100000-fit/w-u3ku8537c62e-1fdd-4a34-a8df-7d3df81c643d_853x640.png', 'https://img.iproperty.com.my/my-iproperty/premium/256x100000-fit/w-u8mb03aa3366-2a3f-4510-af1c-00281dc17482_853x640.png', 'https://img.iproperty.com.my/my-iproperty/premium/256x100000-fit/w-e11bda979858-51a6-46bc-9716-79806086d373_853x640.png', 'https://img.iproperty.com.my/my-iproperty/premium/256x100000-fit/w-po0n3c591e93-6ac4-4a31-8da0-29a25ce78872_853x640.png'}"
"Valencia, Sungai Buloh",2300000,Sungai Buloh, Selangor,5,"Valencia Resort Homes, Valencia, Valencia, 47000, Selangor",Freehold,Unfurnished,3800,"['Kitchen Cabinet', 'Balcony', 'Garage', 'Air Conditioner', 'Bbq', 'Parking', 'Jogging Track', 'Playground']",4,4.0,2.5-sty Terrace/Link House,605.26,"{'https://img.iproperty.com.my/my-iproperty/premium/256x100000-fit/w-c4vtd7e231f0-fc8b-4b3e-b733-a039c790b7cc_1153x865.png', 'https://img.iproperty.com.my/my-iproperty/premium/256x100000-fit/w-2zj3ab31c7c8-1256-4f35-9fa1-844ace738640_1153x865.png', 'https://img.iproperty.com.my/my-iproperty/premium/256x100000-fit/w-8e5zbc94802b-8c0d-46b0-a277-0b184b4654ff_1153x865.png', 'https://img.iproperty.com.my/my-iproperty/premium/256x100000-fit/w-nowy88b38902-c9bd-4078-9ed8-dee7e91385fb_1153x865.png', 'https://img.iproperty.com.my/my-iproperty/premium/256x100000-fit/w-gsep9604f11b-023a-48b7-9f87-797776600658_1153x865.png', 'https://img.iproperty.com.my/my-iproperty/premium/256x100000-fit/w-37yd489087f1-1e8b-4e87-9eee-17707572c9d4_1153x865.png', 'https://img.iproperty.com.my/my-iproperty/premium/256x100000-fit/w-u40353e1218c-4fe3-42fd-943f-b638ac4da572_1153x865.png', 'https://img.iproperty.com.my/my-iproperty/premium/256x100000-fit/w-pi3z2c06c383-2328-4b0c-abc4-f61ad8372716_1153x865.png', 'https://img.iproperty.com.my/my-iproperty/premium/256x100000-fit/w-tlnm22b8f5f6-3af1-4211-b1f9-b75431c11f58_1153x865.png', 'https://img.iproperty.com.my/my-iproperty/premium/256x100000-fit/w-fgtk553c4cfe-b9e9-464f-bb0f-ad0897e83eb0_1153x865.png', 'https://img.iproperty.com.my/my-iproperty/premium/256x100000-fit/w-dsjcc8eac998-b068-43b0-a7f5-12a6690f17bb_1153x865.png', 'https://img.iproperty.com.my/my-iproperty/premium/256x100000-fit/w-eqbof76f07be-d859-4eb6-a9f2-1f31eb21a5dd_1153x865.png', 'https://img.iproperty.com.my/my-iproperty/premium/256x100000-fit/w-cne91f3c7f5c-7615-49a2-965b-6e7f756ffd8d_1153x865.png', 'https://img.iproperty.com.my/my-iproperty/premium/256x100000-fit/w-j2tcdad82068-e1de-4a38-a540-aec6d1dd480f_1153x865.png'}"
"Seri Tanjung Pinang, Tanjung Tokong",3180000,Tanjung Tokong, Penang,6,"Denai Pinang, Medan Bayu Denai Endau, Seri Tanjung Pinang Terrace, E&O Landed, E&O Terrace, ENO Terrace, Ariza Courtyard, Straits Quay Terrace, Denai Bayu, Lengkok Endau, Jalan Bayu, STP Landed, Seri Tanjung Pinang, 10470, Penang",Freehold,Unfurnished,4000,"['Kitchen Cabinet', 'Balcony', 'Bath Tub', 'Air Conditioner', 'Garden', '24-Hour Security']",4,2.0,2.5-sty Terrace/Link House,795.0,"{'https://img.iproperty.com.my/my-iproperty/premium/256x100000-fit/w-lfod2a409103-f0f0-4792-ac7b-e6f1d309a268_1154x865.jpeg', 'https://img.iproperty.com.my/my-iproperty/premium/256x100000-fit/w-68fu152d34f6-0cc2-4f1c-965d-103c002c5db0_1154x865.jpeg', 'https://img.iproperty.com.my/my-iproperty/premium/256x100000-fit/w-8cc826485386-c3ee-412c-ae36-f9decd356a74_1154x865.jpeg', 'https://img.iproperty.com.my/my-iproperty/premium/256x100000-fit/w-psnv44824190-813f-44fb-ba96-9648bfcf35f4_1154x865.jpeg', 'https://img.iproperty.com.my/my-iproperty/premium/256x100000-fit/w-6uo0d76a6e19-36b3-40e5-80e3-fc2eca6245f4_1154x865.jpeg'}"
"Seri Tanjung Pinang, Tanjung Tokong",2250000,Tanjung Tokong, Penang,6,"Denai Pinang, Medan Bayu, Denai Endau, Seri Tanjung Pinang Terrace, E&O Landed, E&O Terrace, ENO Terrace, Ariza Courtyard, Straits Quay Terrace, Denai Bayu, Lengkok Endau, Jalan Bayu, STP Landed, Seri Tanjung Pinang, 10470, Penang",Freehold,Unfurnished,3400,"['Kitchen Cabinet', 'Balcony', 'Bath Tub', 'Air Conditioner', 'Garden', '24-Hour Security']",4,2.0,2.5-sty Terrace/Link House,661.76,"{'https://img.iproperty.com.my/my-iproperty/premium/256x100000-fit/w-qp5w2be4978f-2a03-4766-9e3c-5ffdd0299255_1154x865.jpeg', 'https://img.iproperty.com.my/my-iproperty/premium/256x100000-fit/w-1tw9dad44bcb-9621-42b2-93cc-1ab2044af2b9_1154x865.jpeg', 'https://img.iproperty.com.my/my-iproperty/premium/256x100000-fit/w-prhl824a028e-1d4a-46c0-80c4-24abdf1d2b1d_1154x865.jpeg', 'https://img.iproperty.com.my/my-iproperty/premium/256x100000-fit/w-82dvef67d2f1-14e1-4574-b39c-ebe119054f99_1154x865.jpeg', 'https://img.iproperty.com.my/my-iproperty/premium/256x100000-fit/w-gfeq12833f50-97d6-4387-b220-b23fa9126ad0_1154x865.jpeg', 'https://img.iproperty.com.my/my-iproperty/premium/256x100000-fit/w-3nozc06c3e5e-920d-47a0-9dca-bd050612601e_1154x865.jpeg', 'https://img.iproperty.com.my/my-iproperty/premium/256x100000-fit/w-5mu260b7b483-ac71-441c-9c3f-7daa62bfd8f8_1154x865.jpeg', 'https://img.iproperty.com.my/my-iproperty/premium/256x100000-fit/w-cqzh29b16ca8-6f77-4043-af6a-0928dbfb39e6_1154x865.jpeg', 'https://img.iproperty.com.my/my-iproperty/premium/256x100000-fit/w-bzp65046bf7e-63af-4196-a823-c52605329801_1154x865.jpeg'}"
"Kepong, Bandar Sri Damansara",1350000,Bandar Sri Damansara, Selangor,4,"Jalan Ara SD7, Kepong, 52200, Selangor",Freehold,Unfurnished,2500,"['Kitchen Cabinet', 'Air Conditioner', 'Balcony', 'Bath Tub', 'Garage']",4,,2.5-sty Terrace/Link House,540.0,"{'https://img.iproperty.com.my/my-iproperty/premium/256x100000-fit/w-bdcxc7498e9e-55fc-4ab5-ae93-e3d010f1d6fe_1154x865.jpeg', 'https://img.iproperty.com.my/my-iproperty/premium/256x100000-fit/w-ogrte71c7407-aa10-4121-9269-3a92a6e8a83b_1154x865.jpeg', 'https://img.iproperty.com.my/my-iproperty/premium/256x100000-fit/w-xpx389f6ba96-c10d-4a30-9bd8-86f2cf059302_1154x865.jpeg', 'https://img.iproperty.com.my/my-iproperty/premium/256x100000-fit/w-sfahfb48283c-03da-4409-8592-7476a41d37d8_1154x865.jpeg', 'https://img.iproperty.com.my/my-iproperty/premium/256x100000-fit/w-zpup1d845586-3181-4022-9143-1581693c96fe_1154x865.jpeg', 'https://img.iproperty.com.my/my-iproperty/premium/256x100000-fit/w-l9zxe7383b8f-903b-450a-8dad-2860ac46a353_1154x865.jpeg', 'https://img.iproperty.com.my/my-iproperty/premium/256x100000-fit/w-349b08d53b1e-a82a-4af2-81d5-8629fc28a8f0_1154x865.jpeg', 'https://img.iproperty.com.my/my-iproperty/premium/256x100000-fit/w-p7naf9f126bf-336b-45a5-8e36-70965dac0946_1154x865.jpeg', 'https://img.iproperty.com.my/my-iproperty/premium/256x100000-fit/w-wukw0d5b7ffc-c493-46a7-8b0c-94222159242e_1154x865.jpeg', 'https://img.iproperty.com.my/my-iproperty/premium/256x100000-fit/w-0cbfd784d0d0-503b-4cb6-9325-ebd15ea1376e_1154x865.jpeg', 'https://img.iproperty.com.my/my-iproperty/premium/256x100000-fit/w-fpg354e5b19f-010c-4c85-bf83-fe533dae8cbc_1154x865.jpeg', 'https://img.iproperty.com.my/my-iproperty/premium/256x100000-fit/w-m846c2c7d1f3-3e67-416d-860f-fd9ba901ddbf_1154x865.jpeg', 'https://img.iproperty.com.my/my-iproperty/premium/256x100000-fit/w-gq4f29256877-e2ce-48d5-ad28-f8e43f713a46_1154x865.jpeg', 'https://img.iproperty.com.my/my-iproperty/premium/256x100000-fit/w-1p7t3dffddeb-0314-46e9-a36f-8b362f7ee512_1154x865.jpeg', 'https://img.iproperty.com.my/my-iproperty/premium/256x100000-fit/w-jh359fb36ebe-0bb3-44b3-ba80-eb8806eb6985_1154x865.jpeg'}"
"USJ Heights, Subang Jaya",2380000,Subang Jaya, Selangor,8,"2.5 Storey Corner, USJ Heights Subang Jaya, USJ Heights, Selangor",Freehold,Unfurnished,4400,[],7,,2.5-sty Terrace/Link House,540.91,"{'https://img.iproperty.com.my/my-iproperty/premium/256x100000-fit/w-k5qn3ffd0b0f-2efe-4d53-82bd-35b0a6f2173d_1280x960.jpeg', 'https://img.iproperty.com.my/my-iproperty/premium/256x100000-fit/w-91b40f36af55-f7db-4ee5-9605-2bb8be91926c_1280x960.jpeg', 'https://img.iproperty.com.my/my-iproperty/premium/256x100000-fit/w-weno65f0ac0b-9ea1-4cc5-850f-beff86eba789_1280x960.jpeg', 'https://img.iproperty.com.my/my-iproperty/premium/256x100000-fit/w-c7gv5c09bfa7-995d-402f-9089-dbf554947640_1280x960.jpeg', 'https://img.iproperty.com.my/my-iproperty/premium/256x100000-fit/w-oidb998a7e94-63d4-4bf5-85ab-43944654b822_1280x960.jpeg', 'https://img.iproperty.com.my/my-iproperty/premium/256x100000-fit/w-2z3ub88d100d-2e5e-4c9f-bcb2-5bf7f5bdadb8_1080x810.jpeg', 'https://img.iproperty.com.my/my-iproperty/premium/256x100000-fit/w-js0v7e93eb58-efc4-4b7e-be7e-1bfa109a4b6e_1280x960.jpeg', 'https://img.iproperty.com.my/my-iproperty/premium/256x100000-fit/w-ickd04ae8e22-519e-4f83-80f5-89efc941eaa5_1280x960.jpeg', 'https://img.iproperty.com.my/my-iproperty/premium/256x100000-fit/w-msrua613f3f6-ae9b-4db9-a0ce-fc69e19fe32c_1280x960.jpeg', 'https://img.iproperty.com.my/my-iproperty/premium/256x100000-fit/w-fjckc6453ce6-b161-4ab2-9d50-d7cb9f60cf9d_1280x960.jpeg'}"
"Taman Meranti Jaya, Puchong",968000,Puchong, Selangor,5,"Taman Meranti Jaya, 47120, Selangor",Freehold,Unfurnished,3070,"['Kitchen Cabinet', 'Balcony', 'Air Conditioner', 'Parking', '24-Hour Security']",5,2.0,2.5-sty Terrace/Link House,315.31,"{'https://img.iproperty.com.my/my-iproperty/premium/256x100000-fit/w-atn44843b436-507b-426f-ae24-cba0176256d0_1024x768.jpeg', 'https://img.iproperty.com.my/my-iproperty/premium/256x100000-fit/w-azs2a80e5db8-57de-4411-b6a5-a3f2f61ef51f_1080x810.jpeg', 'https://img.iproperty.com.my/my-iproperty/premium/256x100000-fit/w-lv589486590a-59db-4e66-9ec9-8299e2add473_1024x768.jpeg', 'https://img.iproperty.com.my/my-iproperty/premium/256x100000-fit/w-no68d5d7d756-1480-427c-bfe2-8febc0fdb528_1024x768.jpeg', 'https://img.iproperty.com.my/my-iproperty/premium/256x100000-fit/w-n1zj52163e85-ca84-4dc2-9701-1f5482391d4a_1024x768.jpeg', 'https://img.iproperty.com.my/my-iproperty/premium/256x100000-fit/w-nch7815d41e7-a68f-423f-bb2e-773b891e320b_1024x768.jpeg', 'https://img.iproperty.com.my/my-iproperty/premium/256x100000-fit/w-nriw678440d6-cad1-4405-b850-63233781492f_1024x768.jpeg', 'https://img.iproperty.com.my/my-iproperty/premium/256x100000-fit/w-ixzy2609477d-9740-4b62-b52c-e036b1e8b85b_1080x810.jpeg', 'https://img.iproperty.com.my/my-iproperty/premium/256x100000-fit/w-ilzf8693982d-1b22-475e-83f8-73fdf6b08ddd_1280x960.jpeg', 'https://img.iproperty.com.my/my-iproperty/premium/256x100000-fit/w-oj2x1ffc5cf0-60ad-4364-90e1-e3210e52b0aa_1024x768.jpeg', 'https://img.iproperty.com.my/my-iproperty/premium/256x100000-fit/w-deti3a028f15-f6eb-42c8-bb0e-6096ddf9d3c3_1024x768.jpeg', 'https://img.iproperty.com.my/my-iproperty/premium/256x100000-fit/w-fovr64b2e683-0add-4935-a504-1cfb65078ee1_1024x768.jpeg', 'https://img.iproperty.com.my/my-iproperty/premium/256x100000-fit/w-mseiff5b2520-2f13-4c1b-9332-b5a95bb0e3c2_1024x768.jpeg', 'https://img.iproperty.com.my/my-iproperty/premium/256x100000-fit/w-m7jwf327d4c7-b8d2-412e-8aaf-dc13c2f54118_1024x768.jpeg', 'https://img.iproperty.com.my/my-iproperty/premium/256x100000-fit/w-8yrk706aef57-bfd3-438b-a8e6-c5fa63835624_1024x768.jpeg', 'https://img.iproperty.com.my/my-iproperty/premium/256x100000-fit/w-fy5ve26c895b-df7d-4492-bc5c-02a1372b2f60_1024x768.jpeg', 'https://img.iproperty.com.my/my-iproperty/premium/256x100000-fit/w-l3ef7ef5216d-2103-40a5-8a47-07ff6a5a447f_1024x768.jpeg'}"
"Bandar Utama,, Bandar Utama",2100000,Bandar Utama, Selangor,5,"BU6 2.5 Sty Renovated, Bandar Utama,, Selangor",Freehold,Unfurnished,3000,[],4,,2.5-sty Terrace/Link House,700.0,"{'https://img.iproperty.com.my/my-iproperty/premium/256x100000-fit/w-9dvd849fb3ec-b1c2-4757-b6e3-48955731de4a_4032x3024.jpeg', 'https://img.iproperty.com.my/my-iproperty/premium/256x100000-fit/w-rughc0dad0ff-7d60-4c0d-b65b-0b38e6fe7b00_4032x3024.jpeg', 'https://img.iproperty.com.my/my-iproperty/premium/256x100000-fit/w-2smq679acdee-ecc5-40f0-9409-1edc1ea0c10c_4032x3024.jpeg', 'https://img.iproperty.com.my/my-iproperty/premium/256x100000-fit/w-041ee696a3fb-37de-44a2-a632-a37245c59985_4032x3024.jpeg', 'https://img.iproperty.com.my/my-iproperty/premium/256x100000-fit/w-dj4794cb9b84-c9ed-4ee4-b8f7-3e8e34bdf6f5_4032x3024.jpeg', 'https://img.iproperty.com.my/my-iproperty/premium/256x100000-fit/w-zjspc094cbaa-4394-402d-b9da-20aff9582781_4032x3024.jpeg', 'https://img.iproperty.com.my/my-iproperty/premium/256x100000-fit/w-9z1s407fa3b9-de5c-4374-8c8f-dba3b83962a4_4032x3024.jpeg', 'https://img.iproperty.com.my/my-iproperty/premium/256x100000-fit/w-794g3f43efbd-f934-4c99-95db-153617b389d8_4032x3024.jpeg', 'https://img.iproperty.com.my/my-iproperty/premium/256x100000-fit/w-n7alaece57ab-b25f-4b7c-961c-5795a8e7caea_4032x3024.jpeg', 'https://img.iproperty.com.my/my-iproperty/premium/256x100000-fit/w-4r5nf6822228-38c3-4001-8fb3-9c3131f54042_4032x3024.jpeg', 'https://img.iproperty.com.my/my-iproperty/premium/256x100000-fit/w-5t80ebdb974b-1735-4cb7-9d27-176b8276cc0e_4032x3024.jpeg', 'https://img.iproperty.com.my/my-iproperty/premium/256x100000-fit/w-ix9i32e84f92-ca35-4fc6-9287-c89e7743b07f_4032x3024.jpeg', 'https://img.iproperty.com.my/my-iproperty/premium/256x100000-fit/w-2nwx17b3a162-7db4-4853-aaa1-ab7f824c5b1a_4032x3024.jpeg', 'https://img.iproperty.com.my/my-iproperty/premium/256x100000-fit/w-4s4g2256c932-d4a8-42bd-a844-0b688bfeeb57_4032x3024.jpeg'}"
"Western Heritage, Setia Eco Glades, Cyberjaya",1300000,Cyberjaya, Selangor,5,"Cyberjaya, Selangor, Western Heritage, Setia Eco Glades, 63000, Selangor",Freehold,Unfurnished,3289,"['Bbq', 'Parking', 'Jogging Track', 'Playground', 'Swimming Pool', '24-Hour Security', 'Jacuzzi']",5,4.0,2.5-sty Terrace/Link House,395.26,"{'https://img.iproperty.com.my/my-iproperty/premium/256x100000-fit/w-1u8jdf1c7ea0-1390-4388-8325-733f8fbf511a_1080x810.jpeg', 'https://img.iproperty.com.my/my-iproperty/premium/256x100000-fit/w-4hyyb446c9ce-aba8-48b3-a6a9-34ee0fecf186_1280x960.jpeg', 'https://img.iproperty.com.my/my-iproperty/premium/256x100000-fit/w-nkjr9dd0db7c-6859-4a53-8f7d-9164c40bd959_1280x960.jpeg', 'https://img.iproperty.com.my/my-iproperty/premium/256x100000-fit/w-zwb86acad70c-cd7a-4860-89ee-ff42c28644b6_1280x960.jpeg', 'https://img.iproperty.com.my/my-iproperty/premium/256x100000-fit/w-vpz915a2fe4d-e907-419c-b0b5-35a6312334c2_1280x960.jpeg', 'https://img.iproperty.com.my/my-iproperty/premium/256x100000-fit/w-8fw4f17a852b-308d-459a-8037-ee9bd95e0063_1080x810.jpeg', 'https://img.iproperty.com.my/my-iproperty/premium/256x100000-fit/w-azao7985d76d-2976-4d16-b4cf-562f28ada646_1080x810.jpeg', 'https://img.iproperty.com.my/my-iproperty/premium/256x100000-fit/w-d45w7a73ed55-596a-4ee0-b928-cb1614921e76_1080x810.jpeg', 'https://img.iproperty.com.my/my-iproperty/premium/256x100000-fit/w-ykjw8f8efc4c-dec0-4b1b-b775-0f12851bb225_1080x810.jpeg', 'https://img.iproperty.com.my/my-iproperty/premium/256x100000-fit/w-mdm0998c6b03-d04d-421f-b2be-9099d03dea62_1280x960.jpeg', 'https://img.iproperty.com.my/my-iproperty/premium/256x100000-fit/w-una025b34e96-15fa-4804-af69-28f6090628d5_1080x810.jpeg', 'https://img.iproperty.com.my/my-iproperty/premium/256x100000-fit/w-glpzf2051bf4-3034-425f-8316-7160bda7a886_1080x810.jpeg', 'https://img.iproperty.com.my/my-iproperty/premium/256x100000-fit/w-h6rg83098ca4-2f42-462a-9847-7672cf221544_1280x960.jpeg', 'https://img.iproperty.com.my/my-iproperty/premium/256x100000-fit/w-jmdw3578679f-7765-4038-bff5-d6260ebe6a2c_1080x810.jpeg', 'https://img.iproperty.com.my/my-iproperty/premium/256x100000-fit/w-iein0be9c5c0-54c7-403b-97f0-5ca6e366fa5c_1080x810.jpeg', 'https://img.iproperty.com.my/my-iproperty/premium/256x100000-fit/w-0xvzf0f8c349-e6f9-44e6-9476-a282f0b96fbc_1280x960.jpeg', 'https://img.iproperty.com.my/my-iproperty/premium/256x100000-fit/w-onmn59a87034-997c-4051-ad2d-99c9dd0c25f3_1280x960.jpeg', 'https://img.iproperty.com.my/my-iproperty/premium/256x100000-fit/w-sygy3af58f30-8fe2-4873-9a1f-c3765c460574_1280x960.jpeg', 'https://img.iproperty.com.my/my-iproperty/premium/256x100000-fit/w-pouc95d7c5fe-e593-4e3a-abc8-d592ef24c51f_1280x960.jpeg', 'https://img.iproperty.com.my/my-iproperty/premium/256x100000-fit/w-b3mbd5c79b23-b79f-46c1-9152-12d2f4206e48_1280x960.jpeg', 'https://img.iproperty.com.my/my-iproperty/premium/256x100000-fit/w-bq55c49ce3c7-f2ad-4c2c-9ba2-2a9b5e94a1e3_1280x960.jpeg', 'https://img.iproperty.com.my/my-iproperty/premium/256x100000-fit/w-50fme5d63317-8594-4e90-a262-fdbdfd888a83_1080x810.jpeg', 'https://img.iproperty.com.my/my-iproperty/premium/256x100000-fit/w-jtxebf06c2f8-f23d-4a3e-aa38-a7501e9652e2_1080x810.jpeg', 'https://img.iproperty.com.my/my-iproperty/premium/256x100000-fit/w-bpz42bb85715-3568-431a-9ad7-c49ed4eaf466_1280x960.jpeg', 'https://img.iproperty.com.my/my-iproperty/premium/256x100000-fit/w-gfy1c055386b-0278-4fb6-be90-385dc066bfa5_1080x810.jpeg', 'https://img.iproperty.com.my/my-iproperty/premium/256x100000-fit/w-hjr2aaec837d-1b2b-4a7c-a154-40b84c78e95c_1080x810.jpeg', 'https://img.iproperty.com.my/my-iproperty/premium/256x100000-fit/w-zi6q08c19e51-b7ee-4441-98be-ea12d6d4e4cb_1080x810.jpeg', 'https://img.iproperty.com.my/my-iproperty/premium/256x100000-fit/w-74fvb7c067eb-8f33-42cd-94d6-f327197587a3_1280x960.jpeg', 'https://img.iproperty.com.my/my-iproperty/premium/256x100000-fit/w-rt63bae4d1bc-0e63-475c-bd60-d9bf9c681b15_1280x960.jpeg', 'https://img.iproperty.com.my/my-iproperty/premium/256x100000-fit/w-55ni869ec734-d29f-4fcf-9dc1-974c50af0e07_1080x810.jpeg', 'https://img.iproperty.com.my/my-iproperty/premium/256x100000-fit/w-lbi153d275df-e286-468f-91c1-53f052d41507_1280x960.jpeg', 'https://img.iproperty.com.my/my-iproperty/premium/256x100000-fit/w-oc8616c877a4-0002-4064-9d35-80582ca2b41c_1080x810.jpeg', 'https://img.iproperty.com.my/my-iproperty/premium/256x100000-fit/w-g11u3aba4862-51a3-4721-97b9-a7454f55499d_1280x960.jpeg', 'https://img.iproperty.com.my/my-iproperty/premium/256x100000-fit/w-ih1e22aa59af-775b-40d3-b8de-d1c256b3c061_1280x960.jpeg', 'https://img.iproperty.com.my/my-iproperty/premium/256x100000-fit/w-akjm7f746566-b6ba-436a-9d40-921e1fefc854_810x1080.jpeg', 'https://img.iproperty.com.my/my-iproperty/premium/256x100000-fit/w-op1b8c4cd09e-2c99-4795-9c9c-c95357d67561_1080x810.jpeg'}"
"Rimba Jaya, Shah Alam",950000,Shah Alam, Selangor,4,"Ken Rimba Jimbaran Residences, Rimba Jaya, Rimba Jaya, 40200, Selangor",Freehold,Unfurnished,2600,['24-Hour Security'],3,,2.5-sty Terrace/Link House,365.38,"{'https://img.iproperty.com.my/my-iproperty/premium/256x100000-fit/w-ehde1be202e4-fc9e-4617-a5b8-dbccd844cf04_4000x3000.jpeg', 'https://img.iproperty.com.my/my-iproperty/premium/256x100000-fit/w-y3xu17bbb2d9-b91a-4bcb-8622-cfb1d857af38_4000x3000.jpeg', 'https://img.iproperty.com.my/my-iproperty/premium/256x100000-fit/w-r7j48c2fc442-cbd2-41bc-ad47-b907837a5dd2_4000x3000.jpeg', 'https://img.iproperty.com.my/my-iproperty/premium/256x100000-fit/w-v4r7a8c399d3-a00f-4f46-aea7-790d9b436ec1_4000x3000.jpeg', 'https://img.iproperty.com.my/my-iproperty/premium/256x100000-fit/w-rp3u6c6cf9c5-992f-4c07-82dd-614cc2c1d16d_3000x4000.jpeg', 'https://img.iproperty.com.my/my-iproperty/premium/256x100000-fit/w-49rsb872d5cb-d48b-4eef-80a4-2281e017d85d_4000x3000.jpeg', 'https://img.iproperty.com.my/my-iproperty/premium/256x100000-fit/w-jw6q9556199b-ae56-4b01-8289-bdbaf31fb12a_4000x3000.jpeg', 'https://img.iproperty.com.my/my-iproperty/premium/256x100000-fit/w-zq0l0dff60d8-60ef-49bf-b510-5bd8f9e8d5dd_4000x3000.jpeg', 'https://img.iproperty.com.my/my-iproperty/premium/256x100000-fit/w-ug9rb7439562-3614-4d08-8e83-4abbcb1752cc_3000x4000.jpeg', 'https://img.iproperty.com.my/my-iproperty/premium/256x100000-fit/w-inhv693f2e3b-331e-40b4-9472-84c4b837258c_4000x3000.jpeg', 'https://img.iproperty.com.my/my-iproperty/premium/256x100000-fit/w-dmzdfe6d0894-cf06-4d0c-a477-600b5a7bc732_4000x3000.jpeg', 'https://img.iproperty.com.my/my-iproperty/premium/256x100000-fit/w-lpcfd8e247e3-6e3c-4b3e-be8f-8b8f33bc478c_4000x3000.jpeg', 'https://img.iproperty.com.my/my-iproperty/premium/256x100000-fit/w-bkkk8f3921d3-161f-4fd0-ab30-1204bda6c4f8_4000x3000.jpeg', 'https://img.iproperty.com.my/my-iproperty/premium/256x100000-fit/w-3r1i58c7ea8c-6d6c-4ab5-ae6d-db6d21865cf0_4000x3000.jpeg', 'https://img.iproperty.com.my/my-iproperty/premium/256x100000-fit/w-c6z9b6b378d5-4c32-4596-b7cf-4d477436ac6e_4000x3000.jpeg', 'https://img.iproperty.com.my/my-iproperty/premium/256x100000-fit/w-wlzw70942a95-67ac-4db5-a319-65cffdde2b87_4000x3000.jpeg', 'https://img.iproperty.com.my/my-iproperty/premium/256x100000-fit/w-0dcs52a66720-9eae-47b0-82e8-182baf994585_4000x3000.jpeg'}"
"Putra Heights, Subang Jaya",1650000,Subang Jaya, Selangor,6,"Mascarena Palm, Jalan Putra Murni, Seksyen 3, Putra Heights, Subang Jaya, Putra Heights, 47650, Selangor",Leasehold,Unfurnished,3500,[],5,2.0,2.5-sty Terrace/Link House,471.43,"{'https://img.iproperty.com.my/my-iproperty/premium/256x100000-fit/w-w0uvfecac3f8-f6a2-4d5f-9a16-e575cc1beb02_4000x3000.jpeg', 'https://img.iproperty.com.my/my-iproperty/premium/256x100000-fit/w-uyeb93c6f7e3-6e46-4216-a2bd-201254e4be7d_4000x3000.jpeg', 'https://img.iproperty.com.my/my-iproperty/premium/256x100000-fit/w-egqjfade9050-2d5a-4742-92d3-0857de05c262_4000x3000.jpeg', 'https://img.iproperty.com.my/my-iproperty/premium/256x100000-fit/w-i0av7104a9bf-29ba-4b08-9fc2-4f9052e28e58_4000x3000.jpeg', 'https://img.iproperty.com.my/my-iproperty/premium/256x100000-fit/w-d7qjc6fcb400-6331-481b-8edd-5f11aa4f14c6_4000x3000.jpeg', 'https://img.iproperty.com.my/my-iproperty/premium/256x100000-fit/w-q8n7f8b41044-25a0-49ce-8f9f-5250aef6d12b_4000x3000.jpeg', 'https://img.iproperty.com.my/my-iproperty/premium/256x100000-fit/w-prd70f822d45-1f2b-4529-aadc-b1c4ebe780c6_4000x3000.jpeg', 'https://img.iproperty.com.my/my-iproperty/premium/256x100000-fit/w-0lty0e68eab3-4649-4a47-9a50-410dd66569e2_4000x3000.jpeg', 'https://img.iproperty.com.my/my-iproperty/premium/256x100000-fit/w-nt8q996bc21e-3b02-458b-8764-6a1922eea21f_4000x3000.jpeg', 'https://img.iproperty.com.my/my-iproperty/premium/256x100000-fit/w-0ya6a3117030-59a5-491b-ae51-93399e5e9fe0_4000x3000.jpeg', 'https://img.iproperty.com.my/my-iproperty/premium/256x100000-fit/w-j780d7bbcf6b-6e43-49ad-be91-be0c7ffc1d35_4000x3000.jpeg', 'https://img.iproperty.com.my/my-iproperty/premium/256x100000-fit/w-c9yp55e61176-5720-4fef-93bd-c7a20ee1ec6c_4000x3000.jpeg', 'https://img.iproperty.com.my/my-iproperty/premium/256x100000-fit/w-wqiy96a5b643-2f7f-44e3-b8dd-0d9a3f7687fd_4000x3000.jpeg', 'https://img.iproperty.com.my/my-iproperty/premium/256x100000-fit/w-9gjjd2234155-1c87-4e59-b4f9-402bc64121b8_4000x3000.jpeg', 'https://img.iproperty.com.my/my-iproperty/premium/256x100000-fit/w-bqbuee0cbb58-7e7e-4853-92b4-5364e426c2d1_4000x3000.jpeg', 'https://img.iproperty.com.my/my-iproperty/premium/256x100000-fit/w-vq1qb2444509-56e8-40ea-b545-f8e59a7a1df5_4000x3000.jpeg'}"
Sunway Spk,2550000,Sunway Spk, Kuala Lumpur,6,"Sunway SPK Damansara, Jalan Daun Inai, 52200, Kuala Lumpur",Freehold,Unfurnished,2978,[],6,4.0,2.5-sty Terrace/Link House,856.28,"{'https://img.iproperty.com.my/my-iproperty/premium/256x100000-fit/w-dtna1b876cd7-0705-4080-8ecc-88597a8c7ac1_2560x1920.jpeg', 'https://img.iproperty.com.my/my-iproperty/premium/256x100000-fit/w-ekr08db0d5ca-f906-456d-aa41-7b5ce22b7645_2560x1920.jpeg', 'https://img.iproperty.com.my/my-iproperty/premium/256x100000-fit/w-mqjxa72954ef-71ba-4cff-b34e-b4a10f64256a_2560x1920.jpeg', 'https://img.iproperty.com.my/my-iproperty/premium/256x100000-fit/w-9dlpb5dc9082-500e-47ac-9144-b1267ab5ac3b_1920x2560.jpeg', 'https://img.iproperty.com.my/my-iproperty/premium/256x100000-fit/w-nx522eddf35f-37ba-4a1a-823d-7993bafc36fd_1920x2560.jpeg', 'https://img.iproperty.com.my/my-iproperty/premium/256x100000-fit/w-lqkyb14de785-d7c0-451e-8657-4c9f94628a78_2560x1920.jpeg', 'https://img.iproperty.com.my/my-iproperty/premium/256x100000-fit/w-gkdxd29d6e2b-cf17-4eff-8f4a-271e84cc604f_2560x1920.jpeg', 'https://img.iproperty.com.my/my-iproperty/premium/256x100000-fit/w-75ng08424e85-30f4-4b9c-9167-5e09ed02ab4f_2560x1920.jpeg', 'https://img.iproperty.com.my/my-iproperty/premium/256x100000-fit/w-clb94589d718-e662-4f26-a000-22f51a9b584f_2560x1920.jpeg', 'https://img.iproperty.com.my/my-iproperty/premium/256x100000-fit/w-e77s64d17ecd-1e07-4558-ba85-4632570ee9f6_1920x2560.jpeg', 'https://img.iproperty.com.my/my-iproperty/premium/256x100000-fit/w-b5opa620e435-c110-4a29-9eee-74e8879c92b0_2560x1920.jpeg', 'https://img.iproperty.com.my/my-iproperty/premium/256x100000-fit/w-3it8dd17593f-c3a1-4afb-a5b1-df00db6cb660_2560x1920.jpeg', 'https://img.iproperty.com.my/my-iproperty/premium/256x100000-fit/w-y3tycaf854a4-a431-4c16-ba25-48f5a1346dee_2560x1920.jpeg'}"
